#VRML V2.0 utf8
WorldInfo
{
	info ["Generated by TraceParts CAD VRML Translator"]
	title "TraceParts Assembly"
}
DEF TraceParts_Assembly Group
{
	children
	[
		Shape
		{
			appearance Appearance
			{
				material Material
				{
					diffuseColor 0.800 0.800 0.800
				}
			}
			geometry IndexedFaceSet
			{
				creaseAngle 0.5
				solid TRUE
				coord Coordinate
				{
					point
					[
						7.004 3.136 0.000,
						6.900 3.150 0.000,
						6.900 2.350 0.000,
						6.000 1.300 0.000,
						6.900 0.800 0.000,
						6.500 0.400 0.000,
						6.604 0.414 0.000,
						7.004 2.364 0.000,
						7.100 3.096 0.000,
						7.100 2.404 0.000,
						7.183 3.033 0.000,
						7.183 2.467 0.000,
						7.246 2.950 0.000,
						7.246 2.550 0.000,
						7.286 2.854 0.000,
						7.286 2.646 0.000,
						7.300 2.750 0.000,
						-2.400 9.100 0.000,
						-1.800 9.100 0.000,
						-1.700 10.000 0.000,
						1.800 9.100 0.000,
						1.700 10.000 0.000,
						2.400 9.100 0.000,
						6.500 10.000 0.000,
						6.000 9.100 0.000,
						6.900 9.600 0.000,
						6.000 6.450 0.000,
						6.000 4.900 0.000,
						6.886 9.704 0.000,
						6.846 9.800 0.000,
						6.783 9.883 0.000,
						6.700 9.946 0.000,
						6.604 9.986 0.000,
						-6.500 10.000 0.000,
						-6.000 9.100 0.000,
						-6.604 9.986 0.000,
						-6.700 9.946 0.000,
						-6.783 9.883 0.000,
						-6.846 9.800 0.000,
						-6.886 9.704 0.000,
						-6.900 9.600 0.000,
						-6.000 5.500 0.000,
						-6.900 0.800 0.000,
						-6.000 4.900 0.000,
						-2.400 5.500 0.000,
						-2.400 4.900 0.000,
						-1.800 5.500 0.000,
						-1.800 4.900 0.000,
						1.800 5.500 0.000,
						1.800 4.900 0.000,
						2.400 4.900 0.000,
						1.800 2.250 0.000,
						2.400 1.300 0.000,
						0.850 1.300 0.000,
						-0.850 1.300 0.000,
						-6.500 0.400 0.000,
						-3.350 1.300 0.000,
						-5.050 1.300 0.000,
						-6.886 0.696 0.000,
						-6.000 2.250 0.000,
						-6.846 0.600 0.000,
						-6.783 0.517 0.000,
						-6.700 0.454 0.000,
						-6.604 0.414 0.000,
						6.700 0.454 0.000,
						6.783 0.517 0.000,
						6.846 0.600 0.000,
						6.886 0.696 0.000,
						5.050 5.500 0.000,
						3.350 5.500 0.000,
						2.400 6.450 0.000,
						-2.400 2.250 0.000,
						-1.800 2.250 0.000
					]
				}
				coordIndex
				[
					0, 1, 2, -1,
					2, 1, 3, -1,
					2, 3, 4, -1,
					4, 3, 5, -1,
					4, 5, 6, -1,
					2, 7, 0, -1,
					0, 7, 8, -1,
					7, 9, 8, -1,
					8, 9, 10, -1,
					9, 11, 10, -1,
					10, 11, 12, -1,
					11, 13, 12, -1,
					12, 13, 14, -1,
					13, 15, 14, -1,
					14, 15, 16, -1,
					17, 18, 19, -1,
					19, 18, 20, -1,
					19, 20, 21, -1,
					21, 20, 22, -1,
					21, 22, 23, -1,
					23, 22, 24, -1,
					23, 24, 25, -1,
					25, 24, 26, -1,
					25, 26, 1, -1,
					1, 26, 27, -1,
					1, 27, 3, -1,
					28, 29, 25, -1,
					25, 29, 30, -1,
					25, 30, 31, -1,
					31, 32, 25, -1,
					25, 32, 23, -1,
					19, 33, 17, -1,
					17, 33, 34, -1,
					35, 36, 33, -1,
					33, 36, 37, -1,
					33, 37, 38, -1,
					38, 39, 33, -1,
					33, 39, 40, -1,
					33, 40, 34, -1,
					34, 40, 41, -1,
					40, 42, 41, -1,
					41, 42, 43, -1,
					41, 43, 44, -1,
					44, 43, 45, -1,
					44, 45, 46, -1,
					46, 45, 47, -1,
					46, 47, 48, -1,
					48, 47, 49, -1,
					48, 49, 50, -1,
					50, 49, 51, -1,
					50, 51, 52, -1,
					52, 51, 53, -1,
					52, 53, 5, -1,
					5, 53, 54, -1,
					5, 54, 55, -1,
					55, 54, 56, -1,
					55, 56, 57, -1,
					58, 55, 42, -1,
					42, 55, 59, -1,
					42, 59, 43, -1,
					58, 60, 55, -1,
					55, 60, 61, -1,
					55, 61, 62, -1,
					62, 63, 55, -1,
					6, 64, 4, -1,
					4, 64, 65, -1,
					4, 65, 66, -1,
					66, 67, 4, -1,
					26, 68, 27, -1,
					27, 68, 69, -1,
					27, 69, 50, -1,
					50, 69, 70, -1,
					50, 70, 48, -1,
					48, 70, 20, -1,
					70, 22, 20, -1,
					45, 71, 47, -1,
					47, 71, 72, -1,
					72, 71, 54, -1,
					54, 71, 56, -1,
					57, 59, 55, -1,
					17, 44, 18, -1,
					18, 44, 46, -1,
					3, 52, 5, -1
				]
				normal Normal
				{
					vector
					[
						-0.000 -0.000 1.000
					]
				}
				normalIndex
				[
					0, 0, 0, -1,
					0, 0, 0, -1,
					0, 0, 0, -1,
					0, 0, 0, -1,
					0, 0, 0, -1,
					0, 0, 0, -1,
					0, 0, 0, -1,
					0, 0, 0, -1,
					0, 0, 0, -1,
					0, 0, 0, -1,
					0, 0, 0, -1,
					0, 0, 0, -1,
					0, 0, 0, -1,
					0, 0, 0, -1,
					0, 0, 0, -1,
					0, 0, 0, -1,
					0, 0, 0, -1,
					0, 0, 0, -1,
					0, 0, 0, -1,
					0, 0, 0, -1,
					0, 0, 0, -1,
					0, 0, 0, -1,
					0, 0, 0, -1,
					0, 0, 0, -1,
					0, 0, 0, -1,
					0, 0, 0, -1,
					0, 0, 0, -1,
					0, 0, 0, -1,
					0, 0, 0, -1,
					0, 0, 0, -1,
					0, 0, 0, -1,
					0, 0, 0, -1,
					0, 0, 0, -1,
					0, 0, 0, -1,
					0, 0, 0, -1,
					0, 0, 0, -1,
					0, 0, 0, -1,
					0, 0, 0, -1,
					0, 0, 0, -1,
					0, 0, 0, -1,
					0, 0, 0, -1,
					0, 0, 0, -1,
					0, 0, 0, -1,
					0, 0, 0, -1,
					0, 0, 0, -1,
					0, 0, 0, -1,
					0, 0, 0, -1,
					0, 0, 0, -1,
					0, 0, 0, -1,
					0, 0, 0, -1,
					0, 0, 0, -1,
					0, 0, 0, -1,
					0, 0, 0, -1,
					0, 0, 0, -1,
					0, 0, 0, -1,
					0, 0, 0, -1,
					0, 0, 0, -1,
					0, 0, 0, -1,
					0, 0, 0, -1,
					0, 0, 0, -1,
					0, 0, 0, -1,
					0, 0, 0, -1,
					0, 0, 0, -1,
					0, 0, 0, -1,
					0, 0, 0, -1,
					0, 0, 0, -1,
					0, 0, 0, -1,
					0, 0, 0, -1,
					0, 0, 0, -1,
					0, 0, 0, -1,
					0, 0, 0, -1,
					0, 0, 0, -1,
					0, 0, 0, -1,
					0, 0, 0, -1,
					0, 0, 0, -1,
					0, 0, 0, -1,
					0, 0, 0, -1,
					0, 0, 0, -1,
					0, 0, 0, -1,
					0, 0, 0, -1,
					0, 0, 0, -1,
					0, 0, 0, -1,
					0, 0, 0, -1
				]
			}
		}
		Shape
		{
			appearance Appearance
			{
				material Material
				{
					diffuseColor 0.800 0.800 0.800
				}
			}
			geometry IndexedFaceSet
			{
				creaseAngle 0.5
				solid TRUE
				coord Coordinate
				{
					point
					[
						2.400 1.300 0.000,
						2.400 1.300 -9.100,
						2.400 4.900 0.000,
						2.400 4.900 -9.100
					]
				}
				coordIndex
				[
					0, 1, 2, -1,
					2, 1, 3, -1
				]
				normal Normal
				{
					vector
					[
						1.000 -0.000 -0.000
					]
				}
				normalIndex
				[
					0, 0, 0, -1,
					0, 0, 0, -1
				]
			}
		}
		Shape
		{
			appearance Appearance
			{
				material Material
				{
					diffuseColor 0.800 0.800 0.800
				}
			}
			geometry IndexedFaceSet
			{
				creaseAngle 0.5
				solid TRUE
				coord Coordinate
				{
					point
					[
						2.400 4.900 -9.100,
						6.000 4.900 -9.100,
						2.400 4.900 0.000,
						6.000 4.900 0.000
					]
				}
				coordIndex
				[
					0, 1, 2, -1,
					2, 1, 3, -1
				]
				normal Normal
				{
					vector
					[
						0.000 -1.000 -0.000
					]
				}
				normalIndex
				[
					0, 0, 0, -1,
					0, 0, 0, -1
				]
			}
		}
		Shape
		{
			appearance Appearance
			{
				material Material
				{
					diffuseColor 0.800 0.800 0.800
				}
			}
			geometry IndexedFaceSet
			{
				creaseAngle 0.5
				solid TRUE
				coord Coordinate
				{
					point
					[
						6.000 4.900 -9.100,
						6.000 1.300 -9.100,
						6.000 4.900 0.000,
						6.000 1.300 0.000
					]
				}
				coordIndex
				[
					0, 1, 2, -1,
					2, 1, 3, -1
				]
				normal Normal
				{
					vector
					[
						-1.000 -0.000 -0.000
					]
				}
				normalIndex
				[
					0, 0, 0, -1,
					0, 0, 0, -1
				]
			}
		}
		Shape
		{
			appearance Appearance
			{
				material Material
				{
					diffuseColor 0.800 0.800 0.800
				}
			}
			geometry IndexedFaceSet
			{
				creaseAngle 0.5
				solid TRUE
				coord Coordinate
				{
					point
					[
						6.000 1.300 0.000,
						6.000 1.300 -9.100,
						2.400 1.300 0.000,
						2.400 1.300 -9.100
					]
				}
				coordIndex
				[
					0, 1, 2, -1,
					2, 1, 3, -1
				]
				normal Normal
				{
					vector
					[
						-0.000 1.000 -0.000
					]
				}
				normalIndex
				[
					0, 0, 0, -1,
					0, 0, 0, -1
				]
			}
		}
		Shape
		{
			appearance Appearance
			{
				material Material
				{
					diffuseColor 0.800 0.800 0.800
				}
			}
			geometry IndexedFaceSet
			{
				creaseAngle 0.5
				solid TRUE
				coord Coordinate
				{
					point
					[
						2.400 4.900 -9.100,
						2.400 1.300 -9.100,
						3.700 2.765 -9.100,
						6.000 1.300 -9.100,
						4.700 2.765 -9.100,
						6.000 4.900 -9.100,
						4.700 3.835 -9.100,
						3.700 3.835 -9.100
					]
				}
				coordIndex
				[
					0, 1, 2, -1,
					2, 1, 3, -1,
					2, 3, 4, -1,
					4, 3, 5, -1,
					4, 5, 6, -1,
					6, 5, 0, -1,
					6, 0, 7, -1,
					7, 0, 2, -1
				]
				normal Normal
				{
					vector
					[
						0.000 0.000 1.000
					]
				}
				normalIndex
				[
					0, 0, 0, -1,
					0, 0, 0, -1,
					0, 0, 0, -1,
					0, 0, 0, -1,
					0, 0, 0, -1,
					0, 0, 0, -1,
					0, 0, 0, -1,
					0, 0, 0, -1
				]
			}
		}
		Shape
		{
			appearance Appearance
			{
				material Material
				{
					diffuseColor 0.800 0.800 0.800
				}
			}
			geometry IndexedFaceSet
			{
				creaseAngle 0.5
				solid TRUE
				coord Coordinate
				{
					point
					[
						3.350 5.500 -9.100,
						3.700 6.965 -9.100,
						2.400 6.450 -9.100,
						3.700 8.035 -9.100,
						2.400 9.100 -9.100,
						4.700 8.035 -9.100,
						6.000 9.100 -9.100,
						6.000 6.450 -9.100,
						5.050 5.500 -9.100,
						4.700 6.965 -9.100
					]
				}
				coordIndex
				[
					0, 1, 2, -1,
					2, 1, 3, -1,
					2, 3, 4, -1,
					4, 3, 5, -1,
					4, 5, 6, -1,
					6, 5, 7, -1,
					0, 8, 1, -1,
					1, 8, 9, -1,
					8, 7, 9, -1,
					9, 7, 5, -1
				]
				normal Normal
				{
					vector
					[
						0.000 0.000 1.000
					]
				}
				normalIndex
				[
					0, 0, 0, -1,
					0, 0, 0, -1,
					0, 0, 0, -1,
					0, 0, 0, -1,
					0, 0, 0, -1,
					0, 0, 0, -1,
					0, 0, 0, -1,
					0, 0, 0, -1,
					0, 0, 0, -1,
					0, 0, 0, -1
				]
			}
		}
		Shape
		{
			appearance Appearance
			{
				material Material
				{
					diffuseColor 0.800 0.800 0.800
				}
			}
			geometry IndexedFaceSet
			{
				creaseAngle 0.5
				solid TRUE
				coord Coordinate
				{
					point
					[
						2.400 6.450 0.000,
						2.400 6.450 -9.100,
						2.400 9.100 0.000,
						2.400 9.100 -9.100
					]
				}
				coordIndex
				[
					0, 1, 2, -1,
					2, 1, 3, -1
				]
				normal Normal
				{
					vector
					[
						1.000 -0.000 -0.000
					]
				}
				normalIndex
				[
					0, 0, 0, -1,
					0, 0, 0, -1
				]
			}
		}
		Shape
		{
			appearance Appearance
			{
				material Material
				{
					diffuseColor 0.800 0.800 0.800
				}
			}
			geometry IndexedFaceSet
			{
				creaseAngle 0.5
				solid TRUE
				coord Coordinate
				{
					point
					[
						2.400 9.100 -9.100,
						6.000 9.100 -9.100,
						2.400 9.100 0.000,
						6.000 9.100 0.000
					]
				}
				coordIndex
				[
					0, 1, 2, -1,
					2, 1, 3, -1
				]
				normal Normal
				{
					vector
					[
						0.000 -1.000 -0.000
					]
				}
				normalIndex
				[
					0, 0, 0, -1,
					0, 0, 0, -1
				]
			}
		}
		Shape
		{
			appearance Appearance
			{
				material Material
				{
					diffuseColor 0.800 0.800 0.800
				}
			}
			geometry IndexedFaceSet
			{
				creaseAngle 0.5
				solid TRUE
				coord Coordinate
				{
					point
					[
						6.000 9.100 -9.100,
						6.000 6.450 -9.100,
						6.000 9.100 0.000,
						6.000 6.450 0.000
					]
				}
				coordIndex
				[
					0, 1, 2, -1,
					2, 1, 3, -1
				]
				normal Normal
				{
					vector
					[
						-1.000 -0.000 -0.000
					]
				}
				normalIndex
				[
					0, 0, 0, -1,
					0, 0, 0, -1
				]
			}
		}
		Shape
		{
			appearance Appearance
			{
				material Material
				{
					diffuseColor 0.800 0.800 0.800
				}
			}
			geometry IndexedFaceSet
			{
				creaseAngle 0.5
				solid TRUE
				coord Coordinate
				{
					point
					[
						6.000 6.450 0.000,
						6.000 6.450 -9.100,
						5.050 5.500 0.000,
						5.050 5.500 -9.100
					]
				}
				coordIndex
				[
					0, 1, 2, -1,
					2, 1, 3, -1
				]
				normal Normal
				{
					vector
					[
						-0.707 0.707 -0.000
					]
				}
				normalIndex
				[
					0, 0, 0, -1,
					0, 0, 0, -1
				]
			}
		}
		Shape
		{
			appearance Appearance
			{
				material Material
				{
					diffuseColor 0.800 0.800 0.800
				}
			}
			geometry IndexedFaceSet
			{
				creaseAngle 0.5
				solid TRUE
				coord Coordinate
				{
					point
					[
						5.050 5.500 0.000,
						5.050 5.500 -9.100,
						3.350 5.500 0.000,
						3.350 5.500 -9.100
					]
				}
				coordIndex
				[
					0, 1, 2, -1,
					2, 1, 3, -1
				]
				normal Normal
				{
					vector
					[
						-0.000 1.000 -0.000
					]
				}
				normalIndex
				[
					0, 0, 0, -1,
					0, 0, 0, -1
				]
			}
		}
		Shape
		{
			appearance Appearance
			{
				material Material
				{
					diffuseColor 0.800 0.800 0.800
				}
			}
			geometry IndexedFaceSet
			{
				creaseAngle 0.5
				solid TRUE
				coord Coordinate
				{
					point
					[
						3.350 5.500 -9.100,
						2.400 6.450 -9.100,
						3.350 5.500 0.000,
						2.400 6.450 0.000
					]
				}
				coordIndex
				[
					0, 1, 2, -1,
					2, 1, 3, -1
				]
				normal Normal
				{
					vector
					[
						0.707 0.707 -0.000
					]
				}
				normalIndex
				[
					0, 0, 0, -1,
					0, 0, 0, -1
				]
			}
		}
		Shape
		{
			appearance Appearance
			{
				material Material
				{
					diffuseColor 0.800 0.800 0.800
				}
			}
			geometry IndexedFaceSet
			{
				creaseAngle 0.5
				solid TRUE
				coord Coordinate
				{
					point
					[
						4.700 6.965 -4.500,
						4.700 6.965 -9.100,
						4.700 8.035 -4.500,
						4.700 8.035 -9.100
					]
				}
				coordIndex
				[
					0, 1, 2, -1,
					2, 1, 3, -1
				]
				normal Normal
				{
					vector
					[
						1.000 -0.000 -0.000
					]
				}
				normalIndex
				[
					0, 0, 0, -1,
					0, 0, 0, -1
				]
			}
		}
		Shape
		{
			appearance Appearance
			{
				material Material
				{
					diffuseColor 0.800 0.800 0.800
				}
			}
			geometry IndexedFaceSet
			{
				creaseAngle 0.5
				solid TRUE
				coord Coordinate
				{
					point
					[
						4.700 -2.800 -18.865,
						4.700 -2.800 -19.935,
						4.700 5.945 -18.865,
						4.700 5.945 -19.935,
						4.700 6.209 -18.830,
						4.700 6.486 -19.864,
						4.700 6.455 -18.728,
						4.700 6.990 -19.655,
						4.700 6.666 -18.566,
						4.700 7.423 -19.323,
						4.700 6.828 -18.355,
						4.700 7.755 -18.890,
						4.700 6.930 -18.109,
						4.700 7.964 -18.386,
						4.700 6.965 -17.845,
						4.700 8.035 -17.845,
						4.700 8.035 -12.800,
						4.700 6.965 -12.800
					]
				}
				coordIndex
				[
					0, 1, 2, -1,
					2, 1, 3, -1,
					2, 3, 4, -1,
					4, 3, 5, -1,
					4, 5, 6, -1,
					6, 5, 7, -1,
					6, 7, 8, -1,
					8, 7, 9, -1,
					8, 9, 10, -1,
					10, 9, 11, -1,
					10, 11, 12, -1,
					12, 11, 13, -1,
					12, 13, 14, -1,
					14, 13, 15, -1,
					14, 15, 16, -1,
					16, 17, 14, -1
				]
				normal Normal
				{
					vector
					[
						1.000 -0.000 -0.000
					]
				}
				normalIndex
				[
					0, 0, 0, -1,
					0, 0, 0, -1,
					0, 0, 0, -1,
					0, 0, 0, -1,
					0, 0, 0, -1,
					0, 0, 0, -1,
					0, 0, 0, -1,
					0, 0, 0, -1,
					0, 0, 0, -1,
					0, 0, 0, -1,
					0, 0, 0, -1,
					0, 0, 0, -1,
					0, 0, 0, -1,
					0, 0, 0, -1,
					0, 0, 0, -1,
					0, 0, 0, -1
				]
			}
		}
		Shape
		{
			appearance Appearance
			{
				material Material
				{
					diffuseColor 0.800 0.800 0.800
				}
			}
			geometry IndexedFaceSet
			{
				creaseAngle 0.5
				solid TRUE
				coord Coordinate
				{
					point
					[
						4.330 7.665 -3.800,
						4.330 7.335 -3.800,
						4.700 8.035 -4.500,
						4.700 6.965 -4.500
					]
				}
				coordIndex
				[
					0, 1, 2, -1,
					2, 1, 3, -1
				]
				normal Normal
				{
					vector
					[
						0.884 0.000 0.467
					]
				}
				normalIndex
				[
					0, 0, 0, -1,
					0, 0, 0, -1
				]
			}
		}
		Shape
		{
			appearance Appearance
			{
				material Material
				{
					diffuseColor 0.800 0.800 0.800
				}
			}
			geometry IndexedFaceSet
			{
				creaseAngle 0.5
				solid TRUE
				coord Coordinate
				{
					point
					[
						4.330 7.335 -3.800,
						4.070 7.335 -3.800,
						4.700 6.965 -4.500,
						3.700 6.965 -4.500
					]
				}
				coordIndex
				[
					0, 1, 2, -1,
					2, 1, 3, -1
				]
				normal Normal
				{
					vector
					[
						0.000 -0.884 0.467
					]
				}
				normalIndex
				[
					0, 0, 0, -1,
					0, 0, 0, -1
				]
			}
		}
		Shape
		{
			appearance Appearance
			{
				material Material
				{
					diffuseColor 0.800 0.800 0.800
				}
			}
			geometry IndexedFaceSet
			{
				creaseAngle 0.5
				solid TRUE
				coord Coordinate
				{
					point
					[
						3.700 6.965 -12.800,
						3.700 6.965 -17.845,
						4.700 6.965 -12.800,
						4.700 6.965 -17.845
					]
				}
				coordIndex
				[
					0, 1, 2, -1,
					2, 1, 3, -1
				]
				normal Normal
				{
					vector
					[
						0.000 -1.000 0.000
					]
				}
				normalIndex
				[
					0, 0, 0, -1,
					0, 0, 0, -1
				]
			}
		}
		Shape
		{
			appearance Appearance
			{
				material Material
				{
					diffuseColor 0.800 0.800 0.800
				}
			}
			geometry IndexedFaceSet
			{
				creaseAngle 0.5
				solid TRUE
				coord Coordinate
				{
					point
					[
						3.700 6.965 -4.500,
						3.700 6.965 -9.100,
						4.700 6.965 -4.500,
						4.700 6.965 -9.100
					]
				}
				coordIndex
				[
					0, 1, 2, -1,
					2, 1, 3, -1
				]
				normal Normal
				{
					vector
					[
						0.000 -1.000 0.000
					]
				}
				normalIndex
				[
					0, 0, 0, -1,
					0, 0, 0, -1
				]
			}
		}
		Shape
		{
			appearance Appearance
			{
				material Material
				{
					diffuseColor 0.800 0.800 0.800
				}
			}
			geometry IndexedFaceSet
			{
				creaseAngle 0.5
				solid TRUE
				coord Coordinate
				{
					point
					[
						4.700 2.658 -12.800,
						4.700 3.785 -12.800,
						6.900 4.900 -12.800,
						4.700 6.965 -12.800,
						6.900 9.600 -12.800,
						4.700 8.035 -12.800,
						6.500 10.000 -12.800,
						3.700 8.035 -12.800,
						0.500 8.035 -12.800,
						3.700 6.965 -12.800,
						0.500 6.965 -12.800,
						3.700 3.785 -12.800,
						0.500 3.785 -12.800,
						3.700 2.658 -12.800,
						0.500 2.658 -12.800,
						6.500 0.400 -12.800,
						-0.500 2.658 -12.800,
						-6.500 0.400 -12.800,
						-3.700 2.658 -12.800,
						-4.700 2.658 -12.800,
						11.500 4.900 -12.800,
						11.900 4.500 -12.800,
						11.604 4.886 -12.800,
						11.700 4.846 -12.800,
						11.783 4.783 -12.800,
						11.846 4.700 -12.800,
						11.886 4.604 -12.800,
						11.900 0.000 -12.800,
						6.500 0.000 -12.800,
						-6.500 0.000 -12.800,
						-11.900 0.000 -12.800,
						-11.900 4.500 -12.800,
						-11.500 4.900 -12.800,
						-11.886 4.604 -12.800,
						-11.846 4.700 -12.800,
						-11.783 4.783 -12.800,
						-11.700 4.846 -12.800,
						-11.604 4.886 -12.800,
						-6.900 4.900 -12.800,
						-0.500 8.035 -12.800,
						-3.700 8.035 -12.800,
						-6.500 10.000 -12.800,
						-4.700 8.035 -12.800,
						-6.900 9.600 -12.800,
						-4.700 6.965 -12.800,
						-4.700 3.785 -12.800,
						-6.886 9.704 -12.800,
						-6.846 9.800 -12.800,
						-6.783 9.883 -12.800,
						-6.700 9.946 -12.800,
						-6.604 9.986 -12.800,
						6.604 9.986 -12.800,
						6.700 9.946 -12.800,
						6.783 9.883 -12.800,
						6.846 9.800 -12.800,
						6.886 9.704 -12.800,
						-0.500 6.965 -12.800,
						-3.700 6.965 -12.800,
						-0.500 3.785 -12.800,
						-3.700 3.785 -12.800
					]
				}
				coordIndex
				[
					0, 1, 2, -1,
					2, 1, 3, -1,
					2, 3, 4, -1,
					4, 3, 5, -1,
					4, 5, 6, -1,
					6, 5, 7, -1,
					6, 7, 8, -1,
					8, 7, 9, -1,
					8, 9, 10, -1,
					10, 9, 11, -1,
					10, 11, 12, -1,
					12, 11, 13, -1,
					12, 13, 14, -1,
					14, 13, 15, -1,
					14, 15, 16, -1,
					16, 15, 17, -1,
					16, 17, 18, -1,
					18, 17, 19, -1,
					0, 2, 15, -1,
					15, 2, 20, -1,
					15, 20, 21, -1,
					21, 20, 22, -1,
					21, 22, 23, -1,
					23, 24, 21, -1,
					21, 24, 25, -1,
					21, 25, 26, -1,
					21, 27, 15, -1,
					15, 27, 28, -1,
					29, 30, 17, -1,
					17, 30, 31, -1,
					17, 31, 32, -1,
					32, 31, 33, -1,
					32, 33, 34, -1,
					34, 35, 32, -1,
					32, 35, 36, -1,
					32, 36, 37, -1,
					32, 38, 17, -1,
					17, 38, 19, -1,
					39, 40, 41, -1,
					41, 40, 42, -1,
					41, 42, 43, -1,
					43, 42, 44, -1,
					43, 44, 38, -1,
					38, 44, 45, -1,
					38, 45, 19, -1,
					43, 46, 41, -1,
					41, 46, 47, -1,
					41, 47, 48, -1,
					48, 49, 41, -1,
					41, 49, 50, -1,
					41, 6, 39, -1,
					39, 6, 8, -1,
					6, 51, 4, -1,
					4, 51, 52, -1,
					4, 52, 53, -1,
					53, 54, 4, -1,
					4, 54, 55, -1,
					39, 56, 40, -1,
					40, 56, 57, -1,
					10, 12, 56, -1,
					56, 12, 58, -1,
					56, 58, 57, -1,
					57, 58, 59, -1,
					57, 59, 44, -1,
					44, 59, 45, -1,
					3, 1, 9, -1,
					9, 1, 11, -1,
					13, 0, 15, -1,
					58, 16, 59, -1,
					59, 16, 18, -1
				]
				normal Normal
				{
					vector
					[
						0.000 0.000 -1.000
					]
				}
				normalIndex
				[
					0, 0, 0, -1,
					0, 0, 0, -1,
					0, 0, 0, -1,
					0, 0, 0, -1,
					0, 0, 0, -1,
					0, 0, 0, -1,
					0, 0, 0, -1,
					0, 0, 0, -1,
					0, 0, 0, -1,
					0, 0, 0, -1,
					0, 0, 0, -1,
					0, 0, 0, -1,
					0, 0, 0, -1,
					0, 0, 0, -1,
					0, 0, 0, -1,
					0, 0, 0, -1,
					0, 0, 0, -1,
					0, 0, 0, -1,
					0, 0, 0, -1,
					0, 0, 0, -1,
					0, 0, 0, -1,
					0, 0, 0, -1,
					0, 0, 0, -1,
					0, 0, 0, -1,
					0, 0, 0, -1,
					0, 0, 0, -1,
					0, 0, 0, -1,
					0, 0, 0, -1,
					0, 0, 0, -1,
					0, 0, 0, -1,
					0, 0, 0, -1,
					0, 0, 0, -1,
					0, 0, 0, -1,
					0, 0, 0, -1,
					0, 0, 0, -1,
					0, 0, 0, -1,
					0, 0, 0, -1,
					0, 0, 0, -1,
					0, 0, 0, -1,
					0, 0, 0, -1,
					0, 0, 0, -1,
					0, 0, 0, -1,
					0, 0, 0, -1,
					0, 0, 0, -1,
					0, 0, 0, -1,
					0, 0, 0, -1,
					0, 0, 0, -1,
					0, 0, 0, -1,
					0, 0, 0, -1,
					0, 0, 0, -1,
					0, 0, 0, -1,
					0, 0, 0, -1,
					0, 0, 0, -1,
					0, 0, 0, -1,
					0, 0, 0, -1,
					0, 0, 0, -1,
					0, 0, 0, -1,
					0, 0, 0, -1,
					0, 0, 0, -1,
					0, 0, 0, -1,
					0, 0, 0, -1,
					0, 0, 0, -1,
					0, 0, 0, -1,
					0, 0, 0, -1,
					0, 0, 0, -1,
					0, 0, 0, -1,
					0, 0, 0, -1,
					0, 0, 0, -1,
					0, 0, 0, -1,
					0, 0, 0, -1
				]
			}
		}
		Shape
		{
			appearance Appearance
			{
				material Material
				{
					diffuseColor 0.800 0.800 0.800
				}
			}
			geometry IndexedFaceSet
			{
				creaseAngle 0.5
				solid TRUE
				coord Coordinate
				{
					point
					[
						3.700 8.035 -4.500,
						3.700 8.035 -9.100,
						3.700 6.965 -4.500,
						3.700 6.965 -9.100
					]
				}
				coordIndex
				[
					0, 1, 2, -1,
					2, 1, 3, -1
				]
				normal Normal
				{
					vector
					[
						-1.000 0.000 0.000
					]
				}
				normalIndex
				[
					0, 0, 0, -1,
					0, 0, 0, -1
				]
			}
		}
		Shape
		{
			appearance Appearance
			{
				material Material
				{
					diffuseColor 0.800 0.800 0.800
				}
			}
			geometry IndexedFaceSet
			{
				creaseAngle 0.5
				solid TRUE
				coord Coordinate
				{
					point
					[
						3.700 -2.800 -19.935,
						3.700 -2.800 -18.865,
						3.700 5.945 -19.935,
						3.700 5.945 -18.865,
						3.700 6.209 -18.830,
						3.700 6.486 -19.864,
						3.700 6.455 -18.728,
						3.700 6.990 -19.655,
						3.700 6.666 -18.566,
						3.700 7.423 -19.323,
						3.700 6.828 -18.355,
						3.700 7.755 -18.890,
						3.700 6.930 -18.109,
						3.700 7.964 -18.386,
						3.700 6.965 -17.845,
						3.700 8.035 -17.845,
						3.700 6.965 -12.800,
						3.700 8.035 -12.800
					]
				}
				coordIndex
				[
					0, 1, 2, -1,
					2, 1, 3, -1,
					2, 3, 4, -1,
					2, 4, 5, -1,
					5, 4, 6, -1,
					5, 6, 7, -1,
					7, 6, 8, -1,
					7, 8, 9, -1,
					9, 8, 10, -1,
					9, 10, 11, -1,
					11, 10, 12, -1,
					11, 12, 13, -1,
					13, 12, 14, -1,
					13, 14, 15, -1,
					15, 14, 16, -1,
					15, 16, 17, -1
				]
				normal Normal
				{
					vector
					[
						-1.000 0.000 0.000
					]
				}
				normalIndex
				[
					0, 0, 0, -1,
					0, 0, 0, -1,
					0, 0, 0, -1,
					0, 0, 0, -1,
					0, 0, 0, -1,
					0, 0, 0, -1,
					0, 0, 0, -1,
					0, 0, 0, -1,
					0, 0, 0, -1,
					0, 0, 0, -1,
					0, 0, 0, -1,
					0, 0, 0, -1,
					0, 0, 0, -1,
					0, 0, 0, -1,
					0, 0, 0, -1,
					0, 0, 0, -1
				]
			}
		}
		Shape
		{
			appearance Appearance
			{
				material Material
				{
					diffuseColor 0.800 0.800 0.800
				}
			}
			geometry IndexedFaceSet
			{
				creaseAngle 0.5
				solid TRUE
				coord Coordinate
				{
					point
					[
						3.700 8.035 -4.500,
						3.700 6.965 -4.500,
						4.070 7.665 -3.800,
						4.070 7.335 -3.800
					]
				}
				coordIndex
				[
					0, 1, 2, -1,
					2, 1, 3, -1
				]
				normal Normal
				{
					vector
					[
						-0.884 0.000 0.467
					]
				}
				normalIndex
				[
					0, 0, 0, -1,
					0, 0, 0, -1
				]
			}
		}
		Shape
		{
			appearance Appearance
			{
				material Material
				{
					diffuseColor 0.800 0.800 0.800
				}
			}
			geometry IndexedFaceSet
			{
				creaseAngle 0.5
				solid TRUE
				coord Coordinate
				{
					point
					[
						4.070 7.335 -3.800,
						4.330 7.335 -3.800,
						4.070 7.665 -3.800,
						4.330 7.665 -3.800
					]
				}
				coordIndex
				[
					0, 1, 2, -1,
					2, 1, 3, -1
				]
				normal Normal
				{
					vector
					[
						0.000 0.000 1.000
					]
				}
				normalIndex
				[
					0, 0, 0, -1,
					0, 0, 0, -1
				]
			}
		}
		Shape
		{
			appearance Appearance
			{
				material Material
				{
					diffuseColor 0.800 0.800 0.800
				}
			}
			geometry IndexedFaceSet
			{
				creaseAngle 0.5
				solid TRUE
				coord Coordinate
				{
					point
					[
						4.070 7.665 -3.800,
						4.330 7.665 -3.800,
						3.700 8.035 -4.500,
						4.700 8.035 -4.500
					]
				}
				coordIndex
				[
					0, 1, 2, -1,
					2, 1, 3, -1
				]
				normal Normal
				{
					vector
					[
						0.000 0.884 0.467
					]
				}
				normalIndex
				[
					0, 0, 0, -1,
					0, 0, 0, -1
				]
			}
		}
		Shape
		{
			appearance Appearance
			{
				material Material
				{
					diffuseColor 0.800 0.800 0.800
				}
			}
			geometry IndexedFaceSet
			{
				creaseAngle 0.5
				solid TRUE
				coord Coordinate
				{
					point
					[
						4.700 8.035 -17.845,
						3.700 8.035 -17.845,
						4.700 8.035 -12.800,
						3.700 8.035 -12.800
					]
				}
				coordIndex
				[
					0, 1, 2, -1,
					2, 1, 3, -1
				]
				normal Normal
				{
					vector
					[
						-0.000 1.000 0.000
					]
				}
				normalIndex
				[
					0, 0, 0, -1,
					0, 0, 0, -1
				]
			}
		}
		Shape
		{
			appearance Appearance
			{
				material Material
				{
					diffuseColor 0.800 0.800 0.800
				}
			}
			geometry IndexedFaceSet
			{
				creaseAngle 0.5
				solid TRUE
				coord Coordinate
				{
					point
					[
						4.700 8.035 -9.100,
						3.700 8.035 -9.100,
						4.700 8.035 -4.500,
						3.700 8.035 -4.500
					]
				}
				coordIndex
				[
					0, 1, 2, -1,
					2, 1, 3, -1
				]
				normal Normal
				{
					vector
					[
						-0.000 1.000 0.000
					]
				}
				normalIndex
				[
					0, 0, 0, -1,
					0, 0, 0, -1
				]
			}
		}
		Shape
		{
			appearance Appearance
			{
				material Material
				{
					diffuseColor 0.800 0.800 0.800
				}
			}
			geometry IndexedFaceSet
			{
				creaseAngle 0.5
				solid TRUE
				coord Coordinate
				{
					point
					[
						4.700 5.945 -19.935,
						3.700 5.945 -19.935,
						4.700 6.486 -19.864,
						3.700 6.486 -19.864,
						3.700 6.990 -19.655,
						4.700 6.990 -19.655,
						3.700 7.423 -19.323,
						4.700 7.423 -19.323,
						4.700 7.755 -18.890,
						3.700 7.755 -18.890,
						4.700 7.964 -18.386,
						3.700 7.964 -18.386,
						3.700 8.035 -17.845,
						4.700 8.035 -17.845
					]
				}
				coordIndex
				[
					0, 1, 2, -1,
					2, 1, 3, -1,
					2, 3, 4, -1,
					2, 4, 5, -1,
					5, 4, 6, -1,
					5, 6, 7, -1,
					7, 6, 8, -1,
					6, 9, 8, -1,
					8, 9, 10, -1,
					9, 11, 10, -1,
					10, 11, 12, -1,
					10, 12, 13, -1
				]
				normal Normal
				{
					vector
					[
						0.000 0.000 -1.000,
						0.000 0.259 -0.966,
						0.000 0.500 -0.866,
						0.000 0.707 -0.707,
						0.000 0.866 -0.500,
						0.000 0.966 -0.259,
						0.000 1.000 0.000
					]
				}
				normalIndex
				[
					0, 0, 1, -1,
					1, 0, 1, -1,
					1, 1, 2, -1,
					1, 2, 2, -1,
					2, 2, 3, -1,
					2, 3, 3, -1,
					3, 3, 4, -1,
					3, 4, 4, -1,
					4, 4, 5, -1,
					4, 5, 5, -1,
					5, 5, 6, -1,
					5, 6, 6, -1
				]
			}
		}
		Shape
		{
			appearance Appearance
			{
				material Material
				{
					diffuseColor 0.800 0.800 0.800
				}
			}
			geometry IndexedFaceSet
			{
				creaseAngle 0.5
				solid TRUE
				coord Coordinate
				{
					point
					[
						3.700 -2.800 -19.935,
						3.700 5.945 -19.935,
						4.700 -2.800 -19.935,
						4.700 5.945 -19.935
					]
				}
				coordIndex
				[
					0, 1, 2, -1,
					2, 1, 3, -1
				]
				normal Normal
				{
					vector
					[
						0.000 0.000 -1.000
					]
				}
				normalIndex
				[
					0, 0, 0, -1,
					0, 0, 0, -1
				]
			}
		}
		Shape
		{
			appearance Appearance
			{
				material Material
				{
					diffuseColor 0.800 0.800 0.800
				}
			}
			geometry IndexedFaceSet
			{
				creaseAngle 0.5
				solid TRUE
				coord Coordinate
				{
					point
					[
						4.330 -3.500 -19.565,
						4.070 -3.500 -19.565,
						4.700 -2.800 -19.935,
						3.700 -2.800 -19.935
					]
				}
				coordIndex
				[
					0, 1, 2, -1,
					2, 1, 3, -1
				]
				normal Normal
				{
					vector
					[
						0.000 -0.467 -0.884
					]
				}
				normalIndex
				[
					0, 0, 0, -1,
					0, 0, 0, -1
				]
			}
		}
		Shape
		{
			appearance Appearance
			{
				material Material
				{
					diffuseColor 0.800 0.800 0.800
				}
			}
			geometry IndexedFaceSet
			{
				creaseAngle 0.5
				solid TRUE
				coord Coordinate
				{
					point
					[
						4.070 -3.500 -19.235,
						3.700 -2.800 -18.865,
						4.070 -3.500 -19.565,
						3.700 -2.800 -19.935
					]
				}
				coordIndex
				[
					0, 1, 2, -1,
					2, 1, 3, -1
				]
				normal Normal
				{
					vector
					[
						-0.884 -0.467 0.000
					]
				}
				normalIndex
				[
					0, 0, 0, -1,
					0, 0, 0, -1
				]
			}
		}
		Shape
		{
			appearance Appearance
			{
				material Material
				{
					diffuseColor 0.800 0.800 0.800
				}
			}
			geometry IndexedFaceSet
			{
				creaseAngle 0.5
				solid TRUE
				coord Coordinate
				{
					point
					[
						4.070 -3.500 -19.235,
						4.070 -3.500 -19.565,
						4.330 -3.500 -19.235,
						4.330 -3.500 -19.565
					]
				}
				coordIndex
				[
					0, 1, 2, -1,
					2, 1, 3, -1
				]
				normal Normal
				{
					vector
					[
						0.000 -1.000 0.000
					]
				}
				normalIndex
				[
					0, 0, 0, -1,
					0, 0, 0, -1
				]
			}
		}
		Shape
		{
			appearance Appearance
			{
				material Material
				{
					diffuseColor 0.800 0.800 0.800
				}
			}
			geometry IndexedFaceSet
			{
				creaseAngle 0.5
				solid TRUE
				coord Coordinate
				{
					point
					[
						4.070 -3.500 -19.235,
						4.330 -3.500 -19.235,
						3.700 -2.800 -18.865,
						4.700 -2.800 -18.865
					]
				}
				coordIndex
				[
					0, 1, 2, -1,
					2, 1, 3, -1
				]
				normal Normal
				{
					vector
					[
						0.000 -0.467 0.884
					]
				}
				normalIndex
				[
					0, 0, 0, -1,
					0, 0, 0, -1
				]
			}
		}
		Shape
		{
			appearance Appearance
			{
				material Material
				{
					diffuseColor 0.800 0.800 0.800
				}
			}
			geometry IndexedFaceSet
			{
				creaseAngle 0.5
				solid TRUE
				coord Coordinate
				{
					point
					[
						4.700 5.945 -18.865,
						3.700 5.945 -18.865,
						4.700 -2.800 -18.865,
						3.700 -2.800 -18.865
					]
				}
				coordIndex
				[
					0, 1, 2, -1,
					2, 1, 3, -1
				]
				normal Normal
				{
					vector
					[
						0.000 0.000 1.000
					]
				}
				normalIndex
				[
					0, 0, 0, -1,
					0, 0, 0, -1
				]
			}
		}
		Shape
		{
			appearance Appearance
			{
				material Material
				{
					diffuseColor 0.800 0.800 0.800
				}
			}
			geometry IndexedFaceSet
			{
				creaseAngle 0.5
				solid TRUE
				coord Coordinate
				{
					point
					[
						3.700 6.965 -17.845,
						3.700 6.930 -18.109,
						4.700 6.965 -17.845,
						4.700 6.930 -18.109,
						3.700 6.828 -18.355,
						4.700 6.828 -18.355,
						4.700 6.666 -18.566,
						3.700 6.666 -18.566,
						3.700 6.455 -18.728,
						4.700 6.455 -18.728,
						3.700 6.209 -18.830,
						4.700 6.209 -18.830,
						4.700 5.945 -18.865,
						3.700 5.945 -18.865
					]
				}
				coordIndex
				[
					0, 1, 2, -1,
					2, 1, 3, -1,
					1, 4, 3, -1,
					3, 4, 5, -1,
					5, 4, 6, -1,
					6, 4, 7, -1,
					6, 7, 8, -1,
					6, 8, 9, -1,
					9, 8, 10, -1,
					9, 10, 11, -1,
					11, 10, 12, -1,
					10, 13, 12, -1
				]
				normal Normal
				{
					vector
					[
						-0.000 -1.000 -0.000,
						-0.000 -0.966 0.259,
						-0.000 -0.866 0.500,
						-0.000 -0.707 0.707,
						-0.000 -0.500 0.866,
						-0.000 -0.259 0.966,
						-0.000 -0.000 1.000
					]
				}
				normalIndex
				[
					0, 1, 0, -1,
					0, 1, 1, -1,
					1, 2, 1, -1,
					1, 2, 2, -1,
					2, 2, 3, -1,
					3, 2, 3, -1,
					3, 3, 4, -1,
					3, 4, 4, -1,
					4, 4, 5, -1,
					4, 5, 5, -1,
					5, 5, 6, -1,
					5, 6, 6, -1
				]
			}
		}
		Shape
		{
			appearance Appearance
			{
				material Material
				{
					diffuseColor 0.800 0.800 0.800
				}
			}
			geometry IndexedFaceSet
			{
				creaseAngle 0.5
				solid TRUE
				coord Coordinate
				{
					point
					[
						4.330 -3.500 -19.235,
						4.330 -3.500 -19.565,
						4.700 -2.800 -18.865,
						4.700 -2.800 -19.935
					]
				}
				coordIndex
				[
					0, 1, 2, -1,
					2, 1, 3, -1
				]
				normal Normal
				{
					vector
					[
						0.884 -0.467 0.000
					]
				}
				normalIndex
				[
					0, 0, 0, -1,
					0, 0, 0, -1
				]
			}
		}
		Shape
		{
			appearance Appearance
			{
				material Material
				{
					diffuseColor 0.800 0.800 0.800
				}
			}
			geometry IndexedFaceSet
			{
				creaseAngle 0.5
				solid TRUE
				coord Coordinate
				{
					point
					[
						0.500 6.965 -4.500,
						0.500 6.965 -9.100,
						0.500 8.035 -4.500,
						0.500 8.035 -9.100
					]
				}
				coordIndex
				[
					0, 1, 2, -1,
					2, 1, 3, -1
				]
				normal Normal
				{
					vector
					[
						1.000 -0.000 -0.000
					]
				}
				normalIndex
				[
					0, 0, 0, -1,
					0, 0, 0, -1
				]
			}
		}
		Shape
		{
			appearance Appearance
			{
				material Material
				{
					diffuseColor 0.800 0.800 0.800
				}
			}
			geometry IndexedFaceSet
			{
				creaseAngle 0.5
				solid TRUE
				coord Coordinate
				{
					point
					[
						0.500 -2.800 -18.865,
						0.500 -2.800 -19.935,
						0.500 5.945 -18.865,
						0.500 5.945 -19.935,
						0.500 6.209 -18.830,
						0.500 6.486 -19.864,
						0.500 6.455 -18.728,
						0.500 6.990 -19.655,
						0.500 6.666 -18.566,
						0.500 7.423 -19.323,
						0.500 6.828 -18.355,
						0.500 7.755 -18.890,
						0.500 6.930 -18.109,
						0.500 7.964 -18.386,
						0.500 6.965 -17.845,
						0.500 8.035 -17.845,
						0.500 8.035 -12.800,
						0.500 6.965 -12.800
					]
				}
				coordIndex
				[
					0, 1, 2, -1,
					2, 1, 3, -1,
					2, 3, 4, -1,
					4, 3, 5, -1,
					4, 5, 6, -1,
					6, 5, 7, -1,
					6, 7, 8, -1,
					8, 7, 9, -1,
					8, 9, 10, -1,
					10, 9, 11, -1,
					10, 11, 12, -1,
					12, 11, 13, -1,
					12, 13, 14, -1,
					14, 13, 15, -1,
					14, 15, 16, -1,
					16, 17, 14, -1
				]
				normal Normal
				{
					vector
					[
						1.000 -0.000 -0.000
					]
				}
				normalIndex
				[
					0, 0, 0, -1,
					0, 0, 0, -1,
					0, 0, 0, -1,
					0, 0, 0, -1,
					0, 0, 0, -1,
					0, 0, 0, -1,
					0, 0, 0, -1,
					0, 0, 0, -1,
					0, 0, 0, -1,
					0, 0, 0, -1,
					0, 0, 0, -1,
					0, 0, 0, -1,
					0, 0, 0, -1,
					0, 0, 0, -1,
					0, 0, 0, -1,
					0, 0, 0, -1
				]
			}
		}
		Shape
		{
			appearance Appearance
			{
				material Material
				{
					diffuseColor 0.800 0.800 0.800
				}
			}
			geometry IndexedFaceSet
			{
				creaseAngle 0.5
				solid TRUE
				coord Coordinate
				{
					point
					[
						0.130 7.665 -3.800,
						0.130 7.335 -3.800,
						0.500 8.035 -4.500,
						0.500 6.965 -4.500
					]
				}
				coordIndex
				[
					0, 1, 2, -1,
					2, 1, 3, -1
				]
				normal Normal
				{
					vector
					[
						0.884 0.000 0.467
					]
				}
				normalIndex
				[
					0, 0, 0, -1,
					0, 0, 0, -1
				]
			}
		}
		Shape
		{
			appearance Appearance
			{
				material Material
				{
					diffuseColor 0.800 0.800 0.800
				}
			}
			geometry IndexedFaceSet
			{
				creaseAngle 0.5
				solid TRUE
				coord Coordinate
				{
					point
					[
						0.130 7.335 -3.800,
						-0.130 7.335 -3.800,
						0.500 6.965 -4.500,
						-0.500 6.965 -4.500
					]
				}
				coordIndex
				[
					0, 1, 2, -1,
					2, 1, 3, -1
				]
				normal Normal
				{
					vector
					[
						0.000 -0.884 0.467
					]
				}
				normalIndex
				[
					0, 0, 0, -1,
					0, 0, 0, -1
				]
			}
		}
		Shape
		{
			appearance Appearance
			{
				material Material
				{
					diffuseColor 0.800 0.800 0.800
				}
			}
			geometry IndexedFaceSet
			{
				creaseAngle 0.5
				solid TRUE
				coord Coordinate
				{
					point
					[
						-0.500 6.965 -12.800,
						-0.500 6.965 -17.845,
						0.500 6.965 -12.800,
						0.500 6.965 -17.845
					]
				}
				coordIndex
				[
					0, 1, 2, -1,
					2, 1, 3, -1
				]
				normal Normal
				{
					vector
					[
						0.000 -1.000 0.000
					]
				}
				normalIndex
				[
					0, 0, 0, -1,
					0, 0, 0, -1
				]
			}
		}
		Shape
		{
			appearance Appearance
			{
				material Material
				{
					diffuseColor 0.800 0.800 0.800
				}
			}
			geometry IndexedFaceSet
			{
				creaseAngle 0.5
				solid TRUE
				coord Coordinate
				{
					point
					[
						-0.500 6.965 -4.500,
						-0.500 6.965 -9.100,
						0.500 6.965 -4.500,
						0.500 6.965 -9.100
					]
				}
				coordIndex
				[
					0, 1, 2, -1,
					2, 1, 3, -1
				]
				normal Normal
				{
					vector
					[
						0.000 -1.000 0.000
					]
				}
				normalIndex
				[
					0, 0, 0, -1,
					0, 0, 0, -1
				]
			}
		}
		Shape
		{
			appearance Appearance
			{
				material Material
				{
					diffuseColor 0.800 0.800 0.800
				}
			}
			geometry IndexedFaceSet
			{
				creaseAngle 0.5
				solid TRUE
				coord Coordinate
				{
					point
					[
						-0.500 6.965 -17.845,
						-0.500 6.930 -18.109,
						0.500 6.965 -17.845,
						0.500 6.930 -18.109,
						-0.500 6.828 -18.355,
						0.500 6.828 -18.355,
						0.500 6.666 -18.566,
						-0.500 6.666 -18.566,
						-0.500 6.455 -18.728,
						0.500 6.455 -18.728,
						-0.500 6.209 -18.830,
						0.500 6.209 -18.830,
						0.500 5.945 -18.865,
						-0.500 5.945 -18.865
					]
				}
				coordIndex
				[
					0, 1, 2, -1,
					2, 1, 3, -1,
					1, 4, 3, -1,
					3, 4, 5, -1,
					5, 4, 6, -1,
					6, 4, 7, -1,
					6, 7, 8, -1,
					6, 8, 9, -1,
					9, 8, 10, -1,
					9, 10, 11, -1,
					11, 10, 12, -1,
					10, 13, 12, -1
				]
				normal Normal
				{
					vector
					[
						-0.000 -1.000 -0.000,
						-0.000 -0.966 0.259,
						-0.000 -0.866 0.500,
						-0.000 -0.707 0.707,
						-0.000 -0.500 0.866,
						-0.000 -0.259 0.966,
						-0.000 -0.000 1.000
					]
				}
				normalIndex
				[
					0, 1, 0, -1,
					0, 1, 1, -1,
					1, 2, 1, -1,
					1, 2, 2, -1,
					2, 2, 3, -1,
					3, 2, 3, -1,
					3, 3, 4, -1,
					3, 4, 4, -1,
					4, 4, 5, -1,
					4, 5, 5, -1,
					5, 5, 6, -1,
					5, 6, 6, -1
				]
			}
		}
		Shape
		{
			appearance Appearance
			{
				material Material
				{
					diffuseColor 0.800 0.800 0.800
				}
			}
			geometry IndexedFaceSet
			{
				creaseAngle 0.5
				solid TRUE
				coord Coordinate
				{
					point
					[
						0.500 5.945 -18.865,
						-0.500 5.945 -18.865,
						0.500 -2.800 -18.865,
						-0.500 -2.800 -18.865
					]
				}
				coordIndex
				[
					0, 1, 2, -1,
					2, 1, 3, -1
				]
				normal Normal
				{
					vector
					[
						0.000 0.000 1.000
					]
				}
				normalIndex
				[
					0, 0, 0, -1,
					0, 0, 0, -1
				]
			}
		}
		Shape
		{
			appearance Appearance
			{
				material Material
				{
					diffuseColor 0.800 0.800 0.800
				}
			}
			geometry IndexedFaceSet
			{
				creaseAngle 0.5
				solid TRUE
				coord Coordinate
				{
					point
					[
						-0.130 -3.500 -19.235,
						0.130 -3.500 -19.235,
						-0.500 -2.800 -18.865,
						0.500 -2.800 -18.865
					]
				}
				coordIndex
				[
					0, 1, 2, -1,
					2, 1, 3, -1
				]
				normal Normal
				{
					vector
					[
						0.000 -0.467 0.884
					]
				}
				normalIndex
				[
					0, 0, 0, -1,
					0, 0, 0, -1
				]
			}
		}
		Shape
		{
			appearance Appearance
			{
				material Material
				{
					diffuseColor 0.800 0.800 0.800
				}
			}
			geometry IndexedFaceSet
			{
				creaseAngle 0.5
				solid TRUE
				coord Coordinate
				{
					point
					[
						0.130 -3.500 -19.235,
						0.130 -3.500 -19.565,
						0.500 -2.800 -18.865,
						0.500 -2.800 -19.935
					]
				}
				coordIndex
				[
					0, 1, 2, -1,
					2, 1, 3, -1
				]
				normal Normal
				{
					vector
					[
						0.884 -0.467 0.000
					]
				}
				normalIndex
				[
					0, 0, 0, -1,
					0, 0, 0, -1
				]
			}
		}
		Shape
		{
			appearance Appearance
			{
				material Material
				{
					diffuseColor 0.800 0.800 0.800
				}
			}
			geometry IndexedFaceSet
			{
				creaseAngle 0.5
				solid TRUE
				coord Coordinate
				{
					point
					[
						0.130 -3.500 -19.565,
						-0.130 -3.500 -19.565,
						0.500 -2.800 -19.935,
						-0.500 -2.800 -19.935
					]
				}
				coordIndex
				[
					0, 1, 2, -1,
					2, 1, 3, -1
				]
				normal Normal
				{
					vector
					[
						0.000 -0.467 -0.884
					]
				}
				normalIndex
				[
					0, 0, 0, -1,
					0, 0, 0, -1
				]
			}
		}
		Shape
		{
			appearance Appearance
			{
				material Material
				{
					diffuseColor 0.800 0.800 0.800
				}
			}
			geometry IndexedFaceSet
			{
				creaseAngle 0.5
				solid TRUE
				coord Coordinate
				{
					point
					[
						-0.500 -2.800 -19.935,
						-0.500 5.945 -19.935,
						0.500 -2.800 -19.935,
						0.500 5.945 -19.935
					]
				}
				coordIndex
				[
					0, 1, 2, -1,
					2, 1, 3, -1
				]
				normal Normal
				{
					vector
					[
						0.000 0.000 -1.000
					]
				}
				normalIndex
				[
					0, 0, 0, -1,
					0, 0, 0, -1
				]
			}
		}
		Shape
		{
			appearance Appearance
			{
				material Material
				{
					diffuseColor 0.800 0.800 0.800
				}
			}
			geometry IndexedFaceSet
			{
				creaseAngle 0.5
				solid TRUE
				coord Coordinate
				{
					point
					[
						0.500 5.945 -19.935,
						-0.500 5.945 -19.935,
						0.500 6.486 -19.864,
						-0.500 6.486 -19.864,
						-0.500 6.990 -19.655,
						0.500 6.990 -19.655,
						-0.500 7.423 -19.323,
						0.500 7.423 -19.323,
						0.500 7.755 -18.890,
						-0.500 7.755 -18.890,
						0.500 7.964 -18.386,
						-0.500 7.964 -18.386,
						-0.500 8.035 -17.845,
						0.500 8.035 -17.845
					]
				}
				coordIndex
				[
					0, 1, 2, -1,
					2, 1, 3, -1,
					2, 3, 4, -1,
					2, 4, 5, -1,
					5, 4, 6, -1,
					5, 6, 7, -1,
					7, 6, 8, -1,
					6, 9, 8, -1,
					8, 9, 10, -1,
					9, 11, 10, -1,
					10, 11, 12, -1,
					10, 12, 13, -1
				]
				normal Normal
				{
					vector
					[
						0.000 0.000 -1.000,
						0.000 0.259 -0.966,
						0.000 0.500 -0.866,
						0.000 0.707 -0.707,
						0.000 0.866 -0.500,
						0.000 0.966 -0.259,
						0.000 1.000 0.000
					]
				}
				normalIndex
				[
					0, 0, 1, -1,
					1, 0, 1, -1,
					1, 1, 2, -1,
					1, 2, 2, -1,
					2, 2, 3, -1,
					2, 3, 3, -1,
					3, 3, 4, -1,
					3, 4, 4, -1,
					4, 4, 5, -1,
					4, 5, 5, -1,
					5, 5, 6, -1,
					5, 6, 6, -1
				]
			}
		}
		Shape
		{
			appearance Appearance
			{
				material Material
				{
					diffuseColor 0.800 0.800 0.800
				}
			}
			geometry IndexedFaceSet
			{
				creaseAngle 0.5
				solid TRUE
				coord Coordinate
				{
					point
					[
						0.500 8.035 -17.845,
						-0.500 8.035 -17.845,
						0.500 8.035 -12.800,
						-0.500 8.035 -12.800
					]
				}
				coordIndex
				[
					0, 1, 2, -1,
					2, 1, 3, -1
				]
				normal Normal
				{
					vector
					[
						-0.000 1.000 0.000
					]
				}
				normalIndex
				[
					0, 0, 0, -1,
					0, 0, 0, -1
				]
			}
		}
		Shape
		{
			appearance Appearance
			{
				material Material
				{
					diffuseColor 0.800 0.800 0.800
				}
			}
			geometry IndexedFaceSet
			{
				creaseAngle 0.5
				solid TRUE
				coord Coordinate
				{
					point
					[
						0.500 8.035 -9.100,
						-0.500 8.035 -9.100,
						0.500 8.035 -4.500,
						-0.500 8.035 -4.500
					]
				}
				coordIndex
				[
					0, 1, 2, -1,
					2, 1, 3, -1
				]
				normal Normal
				{
					vector
					[
						-0.000 1.000 0.000
					]
				}
				normalIndex
				[
					0, 0, 0, -1,
					0, 0, 0, -1
				]
			}
		}
		Shape
		{
			appearance Appearance
			{
				material Material
				{
					diffuseColor 0.800 0.800 0.800
				}
			}
			geometry IndexedFaceSet
			{
				creaseAngle 0.5
				solid TRUE
				coord Coordinate
				{
					point
					[
						-0.500 8.035 -4.500,
						-0.500 8.035 -9.100,
						-0.500 6.965 -4.500,
						-0.500 6.965 -9.100
					]
				}
				coordIndex
				[
					0, 1, 2, -1,
					2, 1, 3, -1
				]
				normal Normal
				{
					vector
					[
						-1.000 0.000 0.000
					]
				}
				normalIndex
				[
					0, 0, 0, -1,
					0, 0, 0, -1
				]
			}
		}
		Shape
		{
			appearance Appearance
			{
				material Material
				{
					diffuseColor 0.800 0.800 0.800
				}
			}
			geometry IndexedFaceSet
			{
				creaseAngle 0.5
				solid TRUE
				coord Coordinate
				{
					point
					[
						-0.500 -2.800 -19.935,
						-0.500 -2.800 -18.865,
						-0.500 5.945 -19.935,
						-0.500 5.945 -18.865,
						-0.500 6.209 -18.830,
						-0.500 6.486 -19.864,
						-0.500 6.455 -18.728,
						-0.500 6.990 -19.655,
						-0.500 6.666 -18.566,
						-0.500 7.423 -19.323,
						-0.500 6.828 -18.355,
						-0.500 7.755 -18.890,
						-0.500 6.930 -18.109,
						-0.500 7.964 -18.386,
						-0.500 6.965 -17.845,
						-0.500 8.035 -17.845,
						-0.500 6.965 -12.800,
						-0.500 8.035 -12.800
					]
				}
				coordIndex
				[
					0, 1, 2, -1,
					2, 1, 3, -1,
					2, 3, 4, -1,
					2, 4, 5, -1,
					5, 4, 6, -1,
					5, 6, 7, -1,
					7, 6, 8, -1,
					7, 8, 9, -1,
					9, 8, 10, -1,
					9, 10, 11, -1,
					11, 10, 12, -1,
					11, 12, 13, -1,
					13, 12, 14, -1,
					13, 14, 15, -1,
					15, 14, 16, -1,
					15, 16, 17, -1
				]
				normal Normal
				{
					vector
					[
						-1.000 0.000 0.000
					]
				}
				normalIndex
				[
					0, 0, 0, -1,
					0, 0, 0, -1,
					0, 0, 0, -1,
					0, 0, 0, -1,
					0, 0, 0, -1,
					0, 0, 0, -1,
					0, 0, 0, -1,
					0, 0, 0, -1,
					0, 0, 0, -1,
					0, 0, 0, -1,
					0, 0, 0, -1,
					0, 0, 0, -1,
					0, 0, 0, -1,
					0, 0, 0, -1,
					0, 0, 0, -1,
					0, 0, 0, -1
				]
			}
		}
		Shape
		{
			appearance Appearance
			{
				material Material
				{
					diffuseColor 0.800 0.800 0.800
				}
			}
			geometry IndexedFaceSet
			{
				creaseAngle 0.5
				solid TRUE
				coord Coordinate
				{
					point
					[
						-0.500 8.035 -4.500,
						-0.500 6.965 -4.500,
						-0.130 7.665 -3.800,
						-0.130 7.335 -3.800
					]
				}
				coordIndex
				[
					0, 1, 2, -1,
					2, 1, 3, -1
				]
				normal Normal
				{
					vector
					[
						-0.884 0.000 0.467
					]
				}
				normalIndex
				[
					0, 0, 0, -1,
					0, 0, 0, -1
				]
			}
		}
		Shape
		{
			appearance Appearance
			{
				material Material
				{
					diffuseColor 0.800 0.800 0.800
				}
			}
			geometry IndexedFaceSet
			{
				creaseAngle 0.5
				solid TRUE
				coord Coordinate
				{
					point
					[
						-0.130 7.335 -3.800,
						0.130 7.335 -3.800,
						-0.130 7.665 -3.800,
						0.130 7.665 -3.800
					]
				}
				coordIndex
				[
					0, 1, 2, -1,
					2, 1, 3, -1
				]
				normal Normal
				{
					vector
					[
						0.000 0.000 1.000
					]
				}
				normalIndex
				[
					0, 0, 0, -1,
					0, 0, 0, -1
				]
			}
		}
		Shape
		{
			appearance Appearance
			{
				material Material
				{
					diffuseColor 0.800 0.800 0.800
				}
			}
			geometry IndexedFaceSet
			{
				creaseAngle 0.5
				solid TRUE
				coord Coordinate
				{
					point
					[
						-0.130 7.665 -3.800,
						0.130 7.665 -3.800,
						-0.500 8.035 -4.500,
						0.500 8.035 -4.500
					]
				}
				coordIndex
				[
					0, 1, 2, -1,
					2, 1, 3, -1
				]
				normal Normal
				{
					vector
					[
						0.000 0.884 0.467
					]
				}
				normalIndex
				[
					0, 0, 0, -1,
					0, 0, 0, -1
				]
			}
		}
		Shape
		{
			appearance Appearance
			{
				material Material
				{
					diffuseColor 0.800 0.800 0.800
				}
			}
			geometry IndexedFaceSet
			{
				creaseAngle 0.5
				solid TRUE
				coord Coordinate
				{
					point
					[
						-5.050 1.300 -9.100,
						-4.700 2.765 -9.100,
						-6.000 2.250 -9.100,
						-4.700 3.835 -9.100,
						-6.000 4.900 -9.100,
						-3.700 3.835 -9.100,
						-2.400 4.900 -9.100,
						-2.400 2.250 -9.100,
						-3.350 1.300 -9.100,
						-3.700 2.765 -9.100
					]
				}
				coordIndex
				[
					0, 1, 2, -1,
					2, 1, 3, -1,
					2, 3, 4, -1,
					4, 3, 5, -1,
					4, 5, 6, -1,
					6, 5, 7, -1,
					0, 8, 1, -1,
					1, 8, 9, -1,
					8, 7, 9, -1,
					9, 7, 5, -1
				]
				normal Normal
				{
					vector
					[
						0.000 0.000 1.000
					]
				}
				normalIndex
				[
					0, 0, 0, -1,
					0, 0, 0, -1,
					0, 0, 0, -1,
					0, 0, 0, -1,
					0, 0, 0, -1,
					0, 0, 0, -1,
					0, 0, 0, -1,
					0, 0, 0, -1,
					0, 0, 0, -1,
					0, 0, 0, -1
				]
			}
		}
		Shape
		{
			appearance Appearance
			{
				material Material
				{
					diffuseColor 0.800 0.800 0.800
				}
			}
			geometry IndexedFaceSet
			{
				creaseAngle 0.5
				solid TRUE
				coord Coordinate
				{
					point
					[
						-6.000 9.100 -9.100,
						-6.000 5.500 -9.100,
						-4.700 6.965 -9.100,
						-2.400 5.500 -9.100,
						-3.700 6.965 -9.100,
						-2.400 9.100 -9.100,
						-3.700 8.035 -9.100,
						-4.700 8.035 -9.100
					]
				}
				coordIndex
				[
					0, 1, 2, -1,
					2, 1, 3, -1,
					2, 3, 4, -1,
					4, 3, 5, -1,
					4, 5, 6, -1,
					6, 5, 0, -1,
					6, 0, 7, -1,
					7, 0, 2, -1
				]
				normal Normal
				{
					vector
					[
						0.000 0.000 1.000
					]
				}
				normalIndex
				[
					0, 0, 0, -1,
					0, 0, 0, -1,
					0, 0, 0, -1,
					0, 0, 0, -1,
					0, 0, 0, -1,
					0, 0, 0, -1,
					0, 0, 0, -1,
					0, 0, 0, -1
				]
			}
		}
		Shape
		{
			appearance Appearance
			{
				material Material
				{
					diffuseColor 0.800 0.800 0.800
				}
			}
			geometry IndexedFaceSet
			{
				creaseAngle 0.5
				solid TRUE
				coord Coordinate
				{
					point
					[
						-0.850 1.300 -9.100,
						-0.500 2.765 -9.100,
						-1.800 2.250 -9.100,
						-0.500 3.835 -9.100,
						-1.800 4.900 -9.100,
						0.500 3.835 -9.100,
						1.800 4.900 -9.100,
						1.800 2.250 -9.100,
						0.850 1.300 -9.100,
						0.500 2.765 -9.100
					]
				}
				coordIndex
				[
					0, 1, 2, -1,
					2, 1, 3, -1,
					2, 3, 4, -1,
					4, 3, 5, -1,
					4, 5, 6, -1,
					6, 5, 7, -1,
					0, 8, 1, -1,
					1, 8, 9, -1,
					8, 7, 9, -1,
					9, 7, 5, -1
				]
				normal Normal
				{
					vector
					[
						0.000 0.000 1.000
					]
				}
				normalIndex
				[
					0, 0, 0, -1,
					0, 0, 0, -1,
					0, 0, 0, -1,
					0, 0, 0, -1,
					0, 0, 0, -1,
					0, 0, 0, -1,
					0, 0, 0, -1,
					0, 0, 0, -1,
					0, 0, 0, -1,
					0, 0, 0, -1
				]
			}
		}
		Shape
		{
			appearance Appearance
			{
				material Material
				{
					diffuseColor 0.800 0.800 0.800
				}
			}
			geometry IndexedFaceSet
			{
				creaseAngle 0.5
				solid TRUE
				coord Coordinate
				{
					point
					[
						-1.800 9.100 -9.100,
						-1.800 5.500 -9.100,
						-0.500 6.965 -9.100,
						1.800 5.500 -9.100,
						0.500 6.965 -9.100,
						1.800 9.100 -9.100,
						0.500 8.035 -9.100,
						-0.500 8.035 -9.100
					]
				}
				coordIndex
				[
					0, 1, 2, -1,
					2, 1, 3, -1,
					2, 3, 4, -1,
					4, 3, 5, -1,
					4, 5, 6, -1,
					6, 5, 0, -1,
					6, 0, 7, -1,
					7, 0, 2, -1
				]
				normal Normal
				{
					vector
					[
						0.000 0.000 1.000
					]
				}
				normalIndex
				[
					0, 0, 0, -1,
					0, 0, 0, -1,
					0, 0, 0, -1,
					0, 0, 0, -1,
					0, 0, 0, -1,
					0, 0, 0, -1,
					0, 0, 0, -1,
					0, 0, 0, -1
				]
			}
		}
		Shape
		{
			appearance Appearance
			{
				material Material
				{
					diffuseColor 0.800 0.800 0.800
				}
			}
			geometry IndexedFaceSet
			{
				creaseAngle 0.5
				solid TRUE
				coord Coordinate
				{
					point
					[
						-6.000 2.250 0.000,
						-6.000 2.250 -9.100,
						-6.000 4.900 0.000,
						-6.000 4.900 -9.100
					]
				}
				coordIndex
				[
					0, 1, 2, -1,
					2, 1, 3, -1
				]
				normal Normal
				{
					vector
					[
						1.000 -0.000 -0.000
					]
				}
				normalIndex
				[
					0, 0, 0, -1,
					0, 0, 0, -1
				]
			}
		}
		Shape
		{
			appearance Appearance
			{
				material Material
				{
					diffuseColor 0.800 0.800 0.800
				}
			}
			geometry IndexedFaceSet
			{
				creaseAngle 0.5
				solid TRUE
				coord Coordinate
				{
					point
					[
						-6.000 4.900 -9.100,
						-2.400 4.900 -9.100,
						-6.000 4.900 0.000,
						-2.400 4.900 0.000
					]
				}
				coordIndex
				[
					0, 1, 2, -1,
					2, 1, 3, -1
				]
				normal Normal
				{
					vector
					[
						0.000 -1.000 -0.000
					]
				}
				normalIndex
				[
					0, 0, 0, -1,
					0, 0, 0, -1
				]
			}
		}
		Shape
		{
			appearance Appearance
			{
				material Material
				{
					diffuseColor 0.800 0.800 0.800
				}
			}
			geometry IndexedFaceSet
			{
				creaseAngle 0.5
				solid TRUE
				coord Coordinate
				{
					point
					[
						-2.400 4.900 -9.100,
						-2.400 2.250 -9.100,
						-2.400 4.900 0.000,
						-2.400 2.250 0.000
					]
				}
				coordIndex
				[
					0, 1, 2, -1,
					2, 1, 3, -1
				]
				normal Normal
				{
					vector
					[
						-1.000 -0.000 -0.000
					]
				}
				normalIndex
				[
					0, 0, 0, -1,
					0, 0, 0, -1
				]
			}
		}
		Shape
		{
			appearance Appearance
			{
				material Material
				{
					diffuseColor 0.800 0.800 0.800
				}
			}
			geometry IndexedFaceSet
			{
				creaseAngle 0.5
				solid TRUE
				coord Coordinate
				{
					point
					[
						-2.400 2.250 0.000,
						-2.400 2.250 -9.100,
						-3.350 1.300 0.000,
						-3.350 1.300 -9.100
					]
				}
				coordIndex
				[
					0, 1, 2, -1,
					2, 1, 3, -1
				]
				normal Normal
				{
					vector
					[
						-0.707 0.707 -0.000
					]
				}
				normalIndex
				[
					0, 0, 0, -1,
					0, 0, 0, -1
				]
			}
		}
		Shape
		{
			appearance Appearance
			{
				material Material
				{
					diffuseColor 0.800 0.800 0.800
				}
			}
			geometry IndexedFaceSet
			{
				creaseAngle 0.5
				solid TRUE
				coord Coordinate
				{
					point
					[
						-3.350 1.300 0.000,
						-3.350 1.300 -9.100,
						-5.050 1.300 0.000,
						-5.050 1.300 -9.100
					]
				}
				coordIndex
				[
					0, 1, 2, -1,
					2, 1, 3, -1
				]
				normal Normal
				{
					vector
					[
						-0.000 1.000 -0.000
					]
				}
				normalIndex
				[
					0, 0, 0, -1,
					0, 0, 0, -1
				]
			}
		}
		Shape
		{
			appearance Appearance
			{
				material Material
				{
					diffuseColor 0.800 0.800 0.800
				}
			}
			geometry IndexedFaceSet
			{
				creaseAngle 0.5
				solid TRUE
				coord Coordinate
				{
					point
					[
						-5.050 1.300 -9.100,
						-6.000 2.250 -9.100,
						-5.050 1.300 0.000,
						-6.000 2.250 0.000
					]
				}
				coordIndex
				[
					0, 1, 2, -1,
					2, 1, 3, -1
				]
				normal Normal
				{
					vector
					[
						0.707 0.707 -0.000
					]
				}
				normalIndex
				[
					0, 0, 0, -1,
					0, 0, 0, -1
				]
			}
		}
		Shape
		{
			appearance Appearance
			{
				material Material
				{
					diffuseColor 0.800 0.800 0.800
				}
			}
			geometry IndexedFaceSet
			{
				creaseAngle 0.5
				solid TRUE
				coord Coordinate
				{
					point
					[
						-6.000 5.500 0.000,
						-6.000 5.500 -9.100,
						-6.000 9.100 0.000,
						-6.000 9.100 -9.100
					]
				}
				coordIndex
				[
					0, 1, 2, -1,
					2, 1, 3, -1
				]
				normal Normal
				{
					vector
					[
						1.000 -0.000 -0.000
					]
				}
				normalIndex
				[
					0, 0, 0, -1,
					0, 0, 0, -1
				]
			}
		}
		Shape
		{
			appearance Appearance
			{
				material Material
				{
					diffuseColor 0.800 0.800 0.800
				}
			}
			geometry IndexedFaceSet
			{
				creaseAngle 0.5
				solid TRUE
				coord Coordinate
				{
					point
					[
						-6.000 9.100 -9.100,
						-2.400 9.100 -9.100,
						-6.000 9.100 0.000,
						-2.400 9.100 0.000
					]
				}
				coordIndex
				[
					0, 1, 2, -1,
					2, 1, 3, -1
				]
				normal Normal
				{
					vector
					[
						0.000 -1.000 -0.000
					]
				}
				normalIndex
				[
					0, 0, 0, -1,
					0, 0, 0, -1
				]
			}
		}
		Shape
		{
			appearance Appearance
			{
				material Material
				{
					diffuseColor 0.800 0.800 0.800
				}
			}
			geometry IndexedFaceSet
			{
				creaseAngle 0.5
				solid TRUE
				coord Coordinate
				{
					point
					[
						-2.400 9.100 -9.100,
						-2.400 5.500 -9.100,
						-2.400 9.100 0.000,
						-2.400 5.500 0.000
					]
				}
				coordIndex
				[
					0, 1, 2, -1,
					2, 1, 3, -1
				]
				normal Normal
				{
					vector
					[
						-1.000 -0.000 -0.000
					]
				}
				normalIndex
				[
					0, 0, 0, -1,
					0, 0, 0, -1
				]
			}
		}
		Shape
		{
			appearance Appearance
			{
				material Material
				{
					diffuseColor 0.800 0.800 0.800
				}
			}
			geometry IndexedFaceSet
			{
				creaseAngle 0.5
				solid TRUE
				coord Coordinate
				{
					point
					[
						-2.400 5.500 0.000,
						-2.400 5.500 -9.100,
						-6.000 5.500 0.000,
						-6.000 5.500 -9.100
					]
				}
				coordIndex
				[
					0, 1, 2, -1,
					2, 1, 3, -1
				]
				normal Normal
				{
					vector
					[
						-0.000 1.000 -0.000
					]
				}
				normalIndex
				[
					0, 0, 0, -1,
					0, 0, 0, -1
				]
			}
		}
		Shape
		{
			appearance Appearance
			{
				material Material
				{
					diffuseColor 0.800 0.800 0.800
				}
			}
			geometry IndexedFaceSet
			{
				creaseAngle 0.5
				solid TRUE
				coord Coordinate
				{
					point
					[
						-1.800 2.250 0.000,
						-1.800 2.250 -9.100,
						-1.800 4.900 0.000,
						-1.800 4.900 -9.100
					]
				}
				coordIndex
				[
					0, 1, 2, -1,
					2, 1, 3, -1
				]
				normal Normal
				{
					vector
					[
						1.000 -0.000 -0.000
					]
				}
				normalIndex
				[
					0, 0, 0, -1,
					0, 0, 0, -1
				]
			}
		}
		Shape
		{
			appearance Appearance
			{
				material Material
				{
					diffuseColor 0.800 0.800 0.800
				}
			}
			geometry IndexedFaceSet
			{
				creaseAngle 0.5
				solid TRUE
				coord Coordinate
				{
					point
					[
						-1.800 4.900 -9.100,
						1.800 4.900 -9.100,
						-1.800 4.900 0.000,
						1.800 4.900 0.000
					]
				}
				coordIndex
				[
					0, 1, 2, -1,
					2, 1, 3, -1
				]
				normal Normal
				{
					vector
					[
						0.000 -1.000 -0.000
					]
				}
				normalIndex
				[
					0, 0, 0, -1,
					0, 0, 0, -1
				]
			}
		}
		Shape
		{
			appearance Appearance
			{
				material Material
				{
					diffuseColor 0.800 0.800 0.800
				}
			}
			geometry IndexedFaceSet
			{
				creaseAngle 0.5
				solid TRUE
				coord Coordinate
				{
					point
					[
						1.800 4.900 -9.100,
						1.800 2.250 -9.100,
						1.800 4.900 0.000,
						1.800 2.250 0.000
					]
				}
				coordIndex
				[
					0, 1, 2, -1,
					2, 1, 3, -1
				]
				normal Normal
				{
					vector
					[
						-1.000 -0.000 -0.000
					]
				}
				normalIndex
				[
					0, 0, 0, -1,
					0, 0, 0, -1
				]
			}
		}
		Shape
		{
			appearance Appearance
			{
				material Material
				{
					diffuseColor 0.800 0.800 0.800
				}
			}
			geometry IndexedFaceSet
			{
				creaseAngle 0.5
				solid TRUE
				coord Coordinate
				{
					point
					[
						1.800 2.250 0.000,
						1.800 2.250 -9.100,
						0.850 1.300 0.000,
						0.850 1.300 -9.100
					]
				}
				coordIndex
				[
					0, 1, 2, -1,
					2, 1, 3, -1
				]
				normal Normal
				{
					vector
					[
						-0.707 0.707 -0.000
					]
				}
				normalIndex
				[
					0, 0, 0, -1,
					0, 0, 0, -1
				]
			}
		}
		Shape
		{
			appearance Appearance
			{
				material Material
				{
					diffuseColor 0.800 0.800 0.800
				}
			}
			geometry IndexedFaceSet
			{
				creaseAngle 0.5
				solid TRUE
				coord Coordinate
				{
					point
					[
						0.850 1.300 0.000,
						0.850 1.300 -9.100,
						-0.850 1.300 0.000,
						-0.850 1.300 -9.100
					]
				}
				coordIndex
				[
					0, 1, 2, -1,
					2, 1, 3, -1
				]
				normal Normal
				{
					vector
					[
						-0.000 1.000 -0.000
					]
				}
				normalIndex
				[
					0, 0, 0, -1,
					0, 0, 0, -1
				]
			}
		}
		Shape
		{
			appearance Appearance
			{
				material Material
				{
					diffuseColor 0.800 0.800 0.800
				}
			}
			geometry IndexedFaceSet
			{
				creaseAngle 0.5
				solid TRUE
				coord Coordinate
				{
					point
					[
						-0.850 1.300 -9.100,
						-1.800 2.250 -9.100,
						-0.850 1.300 0.000,
						-1.800 2.250 0.000
					]
				}
				coordIndex
				[
					0, 1, 2, -1,
					2, 1, 3, -1
				]
				normal Normal
				{
					vector
					[
						0.707 0.707 -0.000
					]
				}
				normalIndex
				[
					0, 0, 0, -1,
					0, 0, 0, -1
				]
			}
		}
		Shape
		{
			appearance Appearance
			{
				material Material
				{
					diffuseColor 0.800 0.800 0.800
				}
			}
			geometry IndexedFaceSet
			{
				creaseAngle 0.5
				solid TRUE
				coord Coordinate
				{
					point
					[
						-1.800 5.500 0.000,
						-1.800 5.500 -9.100,
						-1.800 9.100 0.000,
						-1.800 9.100 -9.100
					]
				}
				coordIndex
				[
					0, 1, 2, -1,
					2, 1, 3, -1
				]
				normal Normal
				{
					vector
					[
						1.000 -0.000 -0.000
					]
				}
				normalIndex
				[
					0, 0, 0, -1,
					0, 0, 0, -1
				]
			}
		}
		Shape
		{
			appearance Appearance
			{
				material Material
				{
					diffuseColor 0.800 0.800 0.800
				}
			}
			geometry IndexedFaceSet
			{
				creaseAngle 0.5
				solid TRUE
				coord Coordinate
				{
					point
					[
						-1.800 9.100 -9.100,
						1.800 9.100 -9.100,
						-1.800 9.100 0.000,
						1.800 9.100 0.000
					]
				}
				coordIndex
				[
					0, 1, 2, -1,
					2, 1, 3, -1
				]
				normal Normal
				{
					vector
					[
						0.000 -1.000 -0.000
					]
				}
				normalIndex
				[
					0, 0, 0, -1,
					0, 0, 0, -1
				]
			}
		}
		Shape
		{
			appearance Appearance
			{
				material Material
				{
					diffuseColor 0.800 0.800 0.800
				}
			}
			geometry IndexedFaceSet
			{
				creaseAngle 0.5
				solid TRUE
				coord Coordinate
				{
					point
					[
						1.800 9.100 -9.100,
						1.800 5.500 -9.100,
						1.800 9.100 0.000,
						1.800 5.500 0.000
					]
				}
				coordIndex
				[
					0, 1, 2, -1,
					2, 1, 3, -1
				]
				normal Normal
				{
					vector
					[
						-1.000 -0.000 -0.000
					]
				}
				normalIndex
				[
					0, 0, 0, -1,
					0, 0, 0, -1
				]
			}
		}
		Shape
		{
			appearance Appearance
			{
				material Material
				{
					diffuseColor 0.800 0.800 0.800
				}
			}
			geometry IndexedFaceSet
			{
				creaseAngle 0.5
				solid TRUE
				coord Coordinate
				{
					point
					[
						1.800 5.500 0.000,
						1.800 5.500 -9.100,
						-1.800 5.500 0.000,
						-1.800 5.500 -9.100
					]
				}
				coordIndex
				[
					0, 1, 2, -1,
					2, 1, 3, -1
				]
				normal Normal
				{
					vector
					[
						-0.000 1.000 -0.000
					]
				}
				normalIndex
				[
					0, 0, 0, -1,
					0, 0, 0, -1
				]
			}
		}
		Shape
		{
			appearance Appearance
			{
				material Material
				{
					diffuseColor 0.800 0.800 0.800
				}
			}
			geometry IndexedFaceSet
			{
				creaseAngle 0.5
				solid TRUE
				coord Coordinate
				{
					point
					[
						-3.700 6.965 -4.500,
						-3.700 6.965 -9.100,
						-3.700 8.035 -4.500,
						-3.700 8.035 -9.100
					]
				}
				coordIndex
				[
					0, 1, 2, -1,
					2, 1, 3, -1
				]
				normal Normal
				{
					vector
					[
						1.000 -0.000 -0.000
					]
				}
				normalIndex
				[
					0, 0, 0, -1,
					0, 0, 0, -1
				]
			}
		}
		Shape
		{
			appearance Appearance
			{
				material Material
				{
					diffuseColor 0.800 0.800 0.800
				}
			}
			geometry IndexedFaceSet
			{
				creaseAngle 0.5
				solid TRUE
				coord Coordinate
				{
					point
					[
						-3.700 -2.800 -18.865,
						-3.700 -2.800 -19.935,
						-3.700 5.945 -18.865,
						-3.700 5.945 -19.935,
						-3.700 6.209 -18.830,
						-3.700 6.486 -19.864,
						-3.700 6.455 -18.728,
						-3.700 6.990 -19.655,
						-3.700 6.666 -18.566,
						-3.700 7.423 -19.323,
						-3.700 6.828 -18.355,
						-3.700 7.755 -18.890,
						-3.700 6.930 -18.109,
						-3.700 7.964 -18.386,
						-3.700 6.965 -17.845,
						-3.700 8.035 -17.845,
						-3.700 8.035 -12.800,
						-3.700 6.965 -12.800
					]
				}
				coordIndex
				[
					0, 1, 2, -1,
					2, 1, 3, -1,
					2, 3, 4, -1,
					4, 3, 5, -1,
					4, 5, 6, -1,
					6, 5, 7, -1,
					6, 7, 8, -1,
					8, 7, 9, -1,
					8, 9, 10, -1,
					10, 9, 11, -1,
					10, 11, 12, -1,
					12, 11, 13, -1,
					12, 13, 14, -1,
					14, 13, 15, -1,
					14, 15, 16, -1,
					16, 17, 14, -1
				]
				normal Normal
				{
					vector
					[
						1.000 -0.000 -0.000
					]
				}
				normalIndex
				[
					0, 0, 0, -1,
					0, 0, 0, -1,
					0, 0, 0, -1,
					0, 0, 0, -1,
					0, 0, 0, -1,
					0, 0, 0, -1,
					0, 0, 0, -1,
					0, 0, 0, -1,
					0, 0, 0, -1,
					0, 0, 0, -1,
					0, 0, 0, -1,
					0, 0, 0, -1,
					0, 0, 0, -1,
					0, 0, 0, -1,
					0, 0, 0, -1,
					0, 0, 0, -1
				]
			}
		}
		Shape
		{
			appearance Appearance
			{
				material Material
				{
					diffuseColor 0.800 0.800 0.800
				}
			}
			geometry IndexedFaceSet
			{
				creaseAngle 0.5
				solid TRUE
				coord Coordinate
				{
					point
					[
						-4.070 7.665 -3.800,
						-4.070 7.335 -3.800,
						-3.700 8.035 -4.500,
						-3.700 6.965 -4.500
					]
				}
				coordIndex
				[
					0, 1, 2, -1,
					2, 1, 3, -1
				]
				normal Normal
				{
					vector
					[
						0.884 0.000 0.467
					]
				}
				normalIndex
				[
					0, 0, 0, -1,
					0, 0, 0, -1
				]
			}
		}
		Shape
		{
			appearance Appearance
			{
				material Material
				{
					diffuseColor 0.800 0.800 0.800
				}
			}
			geometry IndexedFaceSet
			{
				creaseAngle 0.5
				solid TRUE
				coord Coordinate
				{
					point
					[
						-4.070 7.335 -3.800,
						-4.330 7.335 -3.800,
						-3.700 6.965 -4.500,
						-4.700 6.965 -4.500
					]
				}
				coordIndex
				[
					0, 1, 2, -1,
					2, 1, 3, -1
				]
				normal Normal
				{
					vector
					[
						0.000 -0.884 0.467
					]
				}
				normalIndex
				[
					0, 0, 0, -1,
					0, 0, 0, -1
				]
			}
		}
		Shape
		{
			appearance Appearance
			{
				material Material
				{
					diffuseColor 0.800 0.800 0.800
				}
			}
			geometry IndexedFaceSet
			{
				creaseAngle 0.5
				solid TRUE
				coord Coordinate
				{
					point
					[
						-4.700 6.965 -12.800,
						-4.700 6.965 -17.845,
						-3.700 6.965 -12.800,
						-3.700 6.965 -17.845
					]
				}
				coordIndex
				[
					0, 1, 2, -1,
					2, 1, 3, -1
				]
				normal Normal
				{
					vector
					[
						0.000 -1.000 0.000
					]
				}
				normalIndex
				[
					0, 0, 0, -1,
					0, 0, 0, -1
				]
			}
		}
		Shape
		{
			appearance Appearance
			{
				material Material
				{
					diffuseColor 0.800 0.800 0.800
				}
			}
			geometry IndexedFaceSet
			{
				creaseAngle 0.5
				solid TRUE
				coord Coordinate
				{
					point
					[
						-4.700 6.965 -4.500,
						-4.700 6.965 -9.100,
						-3.700 6.965 -4.500,
						-3.700 6.965 -9.100
					]
				}
				coordIndex
				[
					0, 1, 2, -1,
					2, 1, 3, -1
				]
				normal Normal
				{
					vector
					[
						0.000 -1.000 0.000
					]
				}
				normalIndex
				[
					0, 0, 0, -1,
					0, 0, 0, -1
				]
			}
		}
		Shape
		{
			appearance Appearance
			{
				material Material
				{
					diffuseColor 0.800 0.800 0.800
				}
			}
			geometry IndexedFaceSet
			{
				creaseAngle 0.5
				solid TRUE
				coord Coordinate
				{
					point
					[
						-4.700 6.965 -17.845,
						-4.700 6.930 -18.109,
						-3.700 6.965 -17.845,
						-3.700 6.930 -18.109,
						-4.700 6.828 -18.355,
						-3.700 6.828 -18.355,
						-3.700 6.666 -18.566,
						-4.700 6.666 -18.566,
						-4.700 6.455 -18.728,
						-3.700 6.455 -18.728,
						-4.700 6.209 -18.830,
						-3.700 6.209 -18.830,
						-3.700 5.945 -18.865,
						-4.700 5.945 -18.865
					]
				}
				coordIndex
				[
					0, 1, 2, -1,
					2, 1, 3, -1,
					1, 4, 3, -1,
					3, 4, 5, -1,
					5, 4, 6, -1,
					6, 4, 7, -1,
					6, 7, 8, -1,
					6, 8, 9, -1,
					9, 8, 10, -1,
					9, 10, 11, -1,
					11, 10, 12, -1,
					10, 13, 12, -1
				]
				normal Normal
				{
					vector
					[
						-0.000 -1.000 -0.000,
						-0.000 -0.966 0.259,
						-0.000 -0.866 0.500,
						-0.000 -0.707 0.707,
						-0.000 -0.500 0.866,
						-0.000 -0.259 0.966,
						-0.000 -0.000 1.000
					]
				}
				normalIndex
				[
					0, 1, 0, -1,
					0, 1, 1, -1,
					1, 2, 1, -1,
					1, 2, 2, -1,
					2, 2, 3, -1,
					3, 2, 3, -1,
					3, 3, 4, -1,
					3, 4, 4, -1,
					4, 4, 5, -1,
					4, 5, 5, -1,
					5, 5, 6, -1,
					5, 6, 6, -1
				]
			}
		}
		Shape
		{
			appearance Appearance
			{
				material Material
				{
					diffuseColor 0.800 0.800 0.800
				}
			}
			geometry IndexedFaceSet
			{
				creaseAngle 0.5
				solid TRUE
				coord Coordinate
				{
					point
					[
						-3.700 5.945 -18.865,
						-4.700 5.945 -18.865,
						-3.700 -2.800 -18.865,
						-4.700 -2.800 -18.865
					]
				}
				coordIndex
				[
					0, 1, 2, -1,
					2, 1, 3, -1
				]
				normal Normal
				{
					vector
					[
						0.000 0.000 1.000
					]
				}
				normalIndex
				[
					0, 0, 0, -1,
					0, 0, 0, -1
				]
			}
		}
		Shape
		{
			appearance Appearance
			{
				material Material
				{
					diffuseColor 0.800 0.800 0.800
				}
			}
			geometry IndexedFaceSet
			{
				creaseAngle 0.5
				solid TRUE
				coord Coordinate
				{
					point
					[
						-4.330 -3.500 -19.235,
						-4.070 -3.500 -19.235,
						-4.700 -2.800 -18.865,
						-3.700 -2.800 -18.865
					]
				}
				coordIndex
				[
					0, 1, 2, -1,
					2, 1, 3, -1
				]
				normal Normal
				{
					vector
					[
						0.000 -0.467 0.884
					]
				}
				normalIndex
				[
					0, 0, 0, -1,
					0, 0, 0, -1
				]
			}
		}
		Shape
		{
			appearance Appearance
			{
				material Material
				{
					diffuseColor 0.800 0.800 0.800
				}
			}
			geometry IndexedFaceSet
			{
				creaseAngle 0.5
				solid TRUE
				coord Coordinate
				{
					point
					[
						-4.070 -3.500 -19.235,
						-4.070 -3.500 -19.565,
						-3.700 -2.800 -18.865,
						-3.700 -2.800 -19.935
					]
				}
				coordIndex
				[
					0, 1, 2, -1,
					2, 1, 3, -1
				]
				normal Normal
				{
					vector
					[
						0.884 -0.467 0.000
					]
				}
				normalIndex
				[
					0, 0, 0, -1,
					0, 0, 0, -1
				]
			}
		}
		Shape
		{
			appearance Appearance
			{
				material Material
				{
					diffuseColor 0.800 0.800 0.800
				}
			}
			geometry IndexedFaceSet
			{
				creaseAngle 0.5
				solid TRUE
				coord Coordinate
				{
					point
					[
						-4.070 -3.500 -19.565,
						-4.330 -3.500 -19.565,
						-3.700 -2.800 -19.935,
						-4.700 -2.800 -19.935
					]
				}
				coordIndex
				[
					0, 1, 2, -1,
					2, 1, 3, -1
				]
				normal Normal
				{
					vector
					[
						0.000 -0.467 -0.884
					]
				}
				normalIndex
				[
					0, 0, 0, -1,
					0, 0, 0, -1
				]
			}
		}
		Shape
		{
			appearance Appearance
			{
				material Material
				{
					diffuseColor 0.800 0.800 0.800
				}
			}
			geometry IndexedFaceSet
			{
				creaseAngle 0.5
				solid TRUE
				coord Coordinate
				{
					point
					[
						-4.700 -2.800 -19.935,
						-4.700 5.945 -19.935,
						-3.700 -2.800 -19.935,
						-3.700 5.945 -19.935
					]
				}
				coordIndex
				[
					0, 1, 2, -1,
					2, 1, 3, -1
				]
				normal Normal
				{
					vector
					[
						0.000 0.000 -1.000
					]
				}
				normalIndex
				[
					0, 0, 0, -1,
					0, 0, 0, -1
				]
			}
		}
		Shape
		{
			appearance Appearance
			{
				material Material
				{
					diffuseColor 0.800 0.800 0.800
				}
			}
			geometry IndexedFaceSet
			{
				creaseAngle 0.5
				solid TRUE
				coord Coordinate
				{
					point
					[
						-3.700 5.945 -19.935,
						-4.700 5.945 -19.935,
						-3.700 6.486 -19.864,
						-4.700 6.486 -19.864,
						-4.700 6.990 -19.655,
						-3.700 6.990 -19.655,
						-4.700 7.423 -19.323,
						-3.700 7.423 -19.323,
						-3.700 7.755 -18.890,
						-4.700 7.755 -18.890,
						-3.700 7.964 -18.386,
						-4.700 7.964 -18.386,
						-4.700 8.035 -17.845,
						-3.700 8.035 -17.845
					]
				}
				coordIndex
				[
					0, 1, 2, -1,
					2, 1, 3, -1,
					2, 3, 4, -1,
					2, 4, 5, -1,
					5, 4, 6, -1,
					5, 6, 7, -1,
					7, 6, 8, -1,
					6, 9, 8, -1,
					8, 9, 10, -1,
					9, 11, 10, -1,
					10, 11, 12, -1,
					10, 12, 13, -1
				]
				normal Normal
				{
					vector
					[
						0.000 0.000 -1.000,
						0.000 0.259 -0.966,
						0.000 0.500 -0.866,
						0.000 0.707 -0.707,
						0.000 0.866 -0.500,
						0.000 0.966 -0.259,
						0.000 1.000 0.000
					]
				}
				normalIndex
				[
					0, 0, 1, -1,
					1, 0, 1, -1,
					1, 1, 2, -1,
					1, 2, 2, -1,
					2, 2, 3, -1,
					2, 3, 3, -1,
					3, 3, 4, -1,
					3, 4, 4, -1,
					4, 4, 5, -1,
					4, 5, 5, -1,
					5, 5, 6, -1,
					5, 6, 6, -1
				]
			}
		}
		Shape
		{
			appearance Appearance
			{
				material Material
				{
					diffuseColor 0.800 0.800 0.800
				}
			}
			geometry IndexedFaceSet
			{
				creaseAngle 0.5
				solid TRUE
				coord Coordinate
				{
					point
					[
						-3.700 8.035 -17.845,
						-4.700 8.035 -17.845,
						-3.700 8.035 -12.800,
						-4.700 8.035 -12.800
					]
				}
				coordIndex
				[
					0, 1, 2, -1,
					2, 1, 3, -1
				]
				normal Normal
				{
					vector
					[
						-0.000 1.000 0.000
					]
				}
				normalIndex
				[
					0, 0, 0, -1,
					0, 0, 0, -1
				]
			}
		}
		Shape
		{
			appearance Appearance
			{
				material Material
				{
					diffuseColor 0.800 0.800 0.800
				}
			}
			geometry IndexedFaceSet
			{
				creaseAngle 0.5
				solid TRUE
				coord Coordinate
				{
					point
					[
						-3.700 8.035 -9.100,
						-4.700 8.035 -9.100,
						-3.700 8.035 -4.500,
						-4.700 8.035 -4.500
					]
				}
				coordIndex
				[
					0, 1, 2, -1,
					2, 1, 3, -1
				]
				normal Normal
				{
					vector
					[
						-0.000 1.000 0.000
					]
				}
				normalIndex
				[
					0, 0, 0, -1,
					0, 0, 0, -1
				]
			}
		}
		Shape
		{
			appearance Appearance
			{
				material Material
				{
					diffuseColor 0.800 0.800 0.800
				}
			}
			geometry IndexedFaceSet
			{
				creaseAngle 0.5
				solid TRUE
				coord Coordinate
				{
					point
					[
						-4.700 8.035 -4.500,
						-4.700 8.035 -9.100,
						-4.700 6.965 -4.500,
						-4.700 6.965 -9.100
					]
				}
				coordIndex
				[
					0, 1, 2, -1,
					2, 1, 3, -1
				]
				normal Normal
				{
					vector
					[
						-1.000 0.000 0.000
					]
				}
				normalIndex
				[
					0, 0, 0, -1,
					0, 0, 0, -1
				]
			}
		}
		Shape
		{
			appearance Appearance
			{
				material Material
				{
					diffuseColor 0.800 0.800 0.800
				}
			}
			geometry IndexedFaceSet
			{
				creaseAngle 0.5
				solid TRUE
				coord Coordinate
				{
					point
					[
						-4.700 -2.800 -19.935,
						-4.700 -2.800 -18.865,
						-4.700 5.945 -19.935,
						-4.700 5.945 -18.865,
						-4.700 6.209 -18.830,
						-4.700 6.486 -19.864,
						-4.700 6.455 -18.728,
						-4.700 6.990 -19.655,
						-4.700 6.666 -18.566,
						-4.700 7.423 -19.323,
						-4.700 6.828 -18.355,
						-4.700 7.755 -18.890,
						-4.700 6.930 -18.109,
						-4.700 7.964 -18.386,
						-4.700 6.965 -17.845,
						-4.700 8.035 -17.845,
						-4.700 6.965 -12.800,
						-4.700 8.035 -12.800
					]
				}
				coordIndex
				[
					0, 1, 2, -1,
					2, 1, 3, -1,
					2, 3, 4, -1,
					2, 4, 5, -1,
					5, 4, 6, -1,
					5, 6, 7, -1,
					7, 6, 8, -1,
					7, 8, 9, -1,
					9, 8, 10, -1,
					9, 10, 11, -1,
					11, 10, 12, -1,
					11, 12, 13, -1,
					13, 12, 14, -1,
					13, 14, 15, -1,
					15, 14, 16, -1,
					15, 16, 17, -1
				]
				normal Normal
				{
					vector
					[
						-1.000 0.000 0.000
					]
				}
				normalIndex
				[
					0, 0, 0, -1,
					0, 0, 0, -1,
					0, 0, 0, -1,
					0, 0, 0, -1,
					0, 0, 0, -1,
					0, 0, 0, -1,
					0, 0, 0, -1,
					0, 0, 0, -1,
					0, 0, 0, -1,
					0, 0, 0, -1,
					0, 0, 0, -1,
					0, 0, 0, -1,
					0, 0, 0, -1,
					0, 0, 0, -1,
					0, 0, 0, -1,
					0, 0, 0, -1
				]
			}
		}
		Shape
		{
			appearance Appearance
			{
				material Material
				{
					diffuseColor 0.800 0.800 0.800
				}
			}
			geometry IndexedFaceSet
			{
				creaseAngle 0.5
				solid TRUE
				coord Coordinate
				{
					point
					[
						-4.700 8.035 -4.500,
						-4.700 6.965 -4.500,
						-4.330 7.665 -3.800,
						-4.330 7.335 -3.800
					]
				}
				coordIndex
				[
					0, 1, 2, -1,
					2, 1, 3, -1
				]
				normal Normal
				{
					vector
					[
						-0.884 0.000 0.467
					]
				}
				normalIndex
				[
					0, 0, 0, -1,
					0, 0, 0, -1
				]
			}
		}
		Shape
		{
			appearance Appearance
			{
				material Material
				{
					diffuseColor 0.800 0.800 0.800
				}
			}
			geometry IndexedFaceSet
			{
				creaseAngle 0.5
				solid TRUE
				coord Coordinate
				{
					point
					[
						-4.330 7.335 -3.800,
						-4.070 7.335 -3.800,
						-4.330 7.665 -3.800,
						-4.070 7.665 -3.800
					]
				}
				coordIndex
				[
					0, 1, 2, -1,
					2, 1, 3, -1
				]
				normal Normal
				{
					vector
					[
						0.000 0.000 1.000
					]
				}
				normalIndex
				[
					0, 0, 0, -1,
					0, 0, 0, -1
				]
			}
		}
		Shape
		{
			appearance Appearance
			{
				material Material
				{
					diffuseColor 0.800 0.800 0.800
				}
			}
			geometry IndexedFaceSet
			{
				creaseAngle 0.5
				solid TRUE
				coord Coordinate
				{
					point
					[
						-4.330 7.665 -3.800,
						-4.070 7.665 -3.800,
						-4.700 8.035 -4.500,
						-3.700 8.035 -4.500
					]
				}
				coordIndex
				[
					0, 1, 2, -1,
					2, 1, 3, -1
				]
				normal Normal
				{
					vector
					[
						0.000 0.884 0.467
					]
				}
				normalIndex
				[
					0, 0, 0, -1,
					0, 0, 0, -1
				]
			}
		}
		Shape
		{
			appearance Appearance
			{
				material Material
				{
					diffuseColor 0.800 0.800 0.800
				}
			}
			geometry IndexedFaceSet
			{
				creaseAngle 0.5
				solid TRUE
				coord Coordinate
				{
					point
					[
						-4.330 -3.500 -19.235,
						-4.700 -2.800 -18.865,
						-4.330 -3.500 -19.565,
						-4.700 -2.800 -19.935
					]
				}
				coordIndex
				[
					0, 1, 2, -1,
					2, 1, 3, -1
				]
				normal Normal
				{
					vector
					[
						-0.884 -0.467 0.000
					]
				}
				normalIndex
				[
					0, 0, 0, -1,
					0, 0, 0, -1
				]
			}
		}
		Shape
		{
			appearance Appearance
			{
				material Material
				{
					diffuseColor 0.800 0.800 0.800
				}
			}
			geometry IndexedFaceSet
			{
				creaseAngle 0.5
				solid TRUE
				coord Coordinate
				{
					point
					[
						-4.330 -3.500 -19.235,
						-4.330 -3.500 -19.565,
						-4.070 -3.500 -19.235,
						-4.070 -3.500 -19.565
					]
				}
				coordIndex
				[
					0, 1, 2, -1,
					2, 1, 3, -1
				]
				normal Normal
				{
					vector
					[
						0.000 -1.000 0.000
					]
				}
				normalIndex
				[
					0, 0, 0, -1,
					0, 0, 0, -1
				]
			}
		}
		Shape
		{
			appearance Appearance
			{
				material Material
				{
					diffuseColor 0.800 0.800 0.800
				}
			}
			geometry IndexedFaceSet
			{
				creaseAngle 0.5
				solid TRUE
				coord Coordinate
				{
					point
					[
						0.500 2.765 -4.500,
						0.500 2.765 -9.100,
						0.500 3.835 -4.500,
						0.500 3.835 -9.100
					]
				}
				coordIndex
				[
					0, 1, 2, -1,
					2, 1, 3, -1
				]
				normal Normal
				{
					vector
					[
						1.000 -0.000 -0.000
					]
				}
				normalIndex
				[
					0, 0, 0, -1,
					0, 0, 0, -1
				]
			}
		}
		Shape
		{
			appearance Appearance
			{
				material Material
				{
					diffuseColor 0.800 0.800 0.800
				}
			}
			geometry IndexedFaceSet
			{
				creaseAngle 0.5
				solid TRUE
				coord Coordinate
				{
					point
					[
						0.500 -2.800 -13.365,
						0.500 -2.800 -14.435,
						0.500 1.745 -13.365,
						0.500 1.745 -14.435,
						0.500 1.969 -13.340,
						0.500 2.212 -14.382,
						0.500 2.183 -13.266,
						0.500 2.655 -14.227,
						0.500 2.374 -13.148,
						0.500 3.052 -13.976,
						0.500 2.536 -12.990,
						0.500 3.383 -13.643,
						0.500 2.658 -12.800,
						0.500 3.632 -13.244,
						0.500 3.785 -12.800
					]
				}
				coordIndex
				[
					0, 1, 2, -1,
					2, 1, 3, -1,
					2, 3, 4, -1,
					4, 3, 5, -1,
					4, 5, 6, -1,
					6, 5, 7, -1,
					6, 7, 8, -1,
					8, 7, 9, -1,
					8, 9, 10, -1,
					10, 9, 11, -1,
					10, 11, 12, -1,
					12, 11, 13, -1,
					12, 13, 14, -1
				]
				normal Normal
				{
					vector
					[
						1.000 -0.000 -0.000
					]
				}
				normalIndex
				[
					0, 0, 0, -1,
					0, 0, 0, -1,
					0, 0, 0, -1,
					0, 0, 0, -1,
					0, 0, 0, -1,
					0, 0, 0, -1,
					0, 0, 0, -1,
					0, 0, 0, -1,
					0, 0, 0, -1,
					0, 0, 0, -1,
					0, 0, 0, -1,
					0, 0, 0, -1,
					0, 0, 0, -1
				]
			}
		}
		Shape
		{
			appearance Appearance
			{
				material Material
				{
					diffuseColor 0.800 0.800 0.800
				}
			}
			geometry IndexedFaceSet
			{
				creaseAngle 0.5
				solid TRUE
				coord Coordinate
				{
					point
					[
						0.130 3.465 -3.800,
						0.130 3.135 -3.800,
						0.500 3.835 -4.500,
						0.500 2.765 -4.500
					]
				}
				coordIndex
				[
					0, 1, 2, -1,
					2, 1, 3, -1
				]
				normal Normal
				{
					vector
					[
						0.884 0.000 0.467
					]
				}
				normalIndex
				[
					0, 0, 0, -1,
					0, 0, 0, -1
				]
			}
		}
		Shape
		{
			appearance Appearance
			{
				material Material
				{
					diffuseColor 0.800 0.800 0.800
				}
			}
			geometry IndexedFaceSet
			{
				creaseAngle 0.5
				solid TRUE
				coord Coordinate
				{
					point
					[
						0.130 3.135 -3.800,
						-0.130 3.135 -3.800,
						0.500 2.765 -4.500,
						-0.500 2.765 -4.500
					]
				}
				coordIndex
				[
					0, 1, 2, -1,
					2, 1, 3, -1
				]
				normal Normal
				{
					vector
					[
						0.000 -0.884 0.467
					]
				}
				normalIndex
				[
					0, 0, 0, -1,
					0, 0, 0, -1
				]
			}
		}
		Shape
		{
			appearance Appearance
			{
				material Material
				{
					diffuseColor 0.800 0.800 0.800
				}
			}
			geometry IndexedFaceSet
			{
				creaseAngle 0.5
				solid TRUE
				coord Coordinate
				{
					point
					[
						-0.500 2.765 -4.500,
						-0.500 2.765 -9.100,
						0.500 2.765 -4.500,
						0.500 2.765 -9.100
					]
				}
				coordIndex
				[
					0, 1, 2, -1,
					2, 1, 3, -1
				]
				normal Normal
				{
					vector
					[
						0.000 -1.000 0.000
					]
				}
				normalIndex
				[
					0, 0, 0, -1,
					0, 0, 0, -1
				]
			}
		}
		Shape
		{
			appearance Appearance
			{
				material Material
				{
					diffuseColor 0.800 0.800 0.800
				}
			}
			geometry IndexedFaceSet
			{
				creaseAngle 0.5
				solid TRUE
				coord Coordinate
				{
					point
					[
						-0.500 3.835 -4.500,
						-0.500 3.835 -9.100,
						-0.500 2.765 -4.500,
						-0.500 2.765 -9.100
					]
				}
				coordIndex
				[
					0, 1, 2, -1,
					2, 1, 3, -1
				]
				normal Normal
				{
					vector
					[
						-1.000 0.000 0.000
					]
				}
				normalIndex
				[
					0, 0, 0, -1,
					0, 0, 0, -1
				]
			}
		}
		Shape
		{
			appearance Appearance
			{
				material Material
				{
					diffuseColor 0.800 0.800 0.800
				}
			}
			geometry IndexedFaceSet
			{
				creaseAngle 0.5
				solid TRUE
				coord Coordinate
				{
					point
					[
						-0.500 -2.800 -14.435,
						-0.500 -2.800 -13.365,
						-0.500 1.745 -14.435,
						-0.500 1.745 -13.365,
						-0.500 1.969 -13.340,
						-0.500 2.212 -14.382,
						-0.500 2.183 -13.266,
						-0.500 2.655 -14.227,
						-0.500 2.374 -13.148,
						-0.500 3.052 -13.976,
						-0.500 2.536 -12.990,
						-0.500 3.383 -13.643,
						-0.500 2.658 -12.800,
						-0.500 3.632 -13.244,
						-0.500 3.785 -12.800
					]
				}
				coordIndex
				[
					0, 1, 2, -1,
					2, 1, 3, -1,
					2, 3, 4, -1,
					2, 4, 5, -1,
					5, 4, 6, -1,
					5, 6, 7, -1,
					7, 6, 8, -1,
					7, 8, 9, -1,
					9, 8, 10, -1,
					9, 10, 11, -1,
					11, 10, 12, -1,
					11, 12, 13, -1,
					13, 12, 14, -1
				]
				normal Normal
				{
					vector
					[
						-1.000 0.000 0.000
					]
				}
				normalIndex
				[
					0, 0, 0, -1,
					0, 0, 0, -1,
					0, 0, 0, -1,
					0, 0, 0, -1,
					0, 0, 0, -1,
					0, 0, 0, -1,
					0, 0, 0, -1,
					0, 0, 0, -1,
					0, 0, 0, -1,
					0, 0, 0, -1,
					0, 0, 0, -1,
					0, 0, 0, -1,
					0, 0, 0, -1
				]
			}
		}
		Shape
		{
			appearance Appearance
			{
				material Material
				{
					diffuseColor 0.800 0.800 0.800
				}
			}
			geometry IndexedFaceSet
			{
				creaseAngle 0.5
				solid TRUE
				coord Coordinate
				{
					point
					[
						-0.500 3.835 -4.500,
						-0.500 2.765 -4.500,
						-0.130 3.465 -3.800,
						-0.130 3.135 -3.800
					]
				}
				coordIndex
				[
					0, 1, 2, -1,
					2, 1, 3, -1
				]
				normal Normal
				{
					vector
					[
						-0.884 0.000 0.467
					]
				}
				normalIndex
				[
					0, 0, 0, -1,
					0, 0, 0, -1
				]
			}
		}
		Shape
		{
			appearance Appearance
			{
				material Material
				{
					diffuseColor 0.800 0.800 0.800
				}
			}
			geometry IndexedFaceSet
			{
				creaseAngle 0.5
				solid TRUE
				coord Coordinate
				{
					point
					[
						-0.130 3.135 -3.800,
						0.130 3.135 -3.800,
						-0.130 3.465 -3.800,
						0.130 3.465 -3.800
					]
				}
				coordIndex
				[
					0, 1, 2, -1,
					2, 1, 3, -1
				]
				normal Normal
				{
					vector
					[
						0.000 0.000 1.000
					]
				}
				normalIndex
				[
					0, 0, 0, -1,
					0, 0, 0, -1
				]
			}
		}
		Shape
		{
			appearance Appearance
			{
				material Material
				{
					diffuseColor 0.800 0.800 0.800
				}
			}
			geometry IndexedFaceSet
			{
				creaseAngle 0.5
				solid TRUE
				coord Coordinate
				{
					point
					[
						-0.130 3.465 -3.800,
						0.130 3.465 -3.800,
						-0.500 3.835 -4.500,
						0.500 3.835 -4.500
					]
				}
				coordIndex
				[
					0, 1, 2, -1,
					2, 1, 3, -1
				]
				normal Normal
				{
					vector
					[
						0.000 0.884 0.467
					]
				}
				normalIndex
				[
					0, 0, 0, -1,
					0, 0, 0, -1
				]
			}
		}
		Shape
		{
			appearance Appearance
			{
				material Material
				{
					diffuseColor 0.800 0.800 0.800
				}
			}
			geometry IndexedFaceSet
			{
				creaseAngle 0.5
				solid TRUE
				coord Coordinate
				{
					point
					[
						0.500 3.835 -9.100,
						-0.500 3.835 -9.100,
						0.500 3.835 -4.500,
						-0.500 3.835 -4.500
					]
				}
				coordIndex
				[
					0, 1, 2, -1,
					2, 1, 3, -1
				]
				normal Normal
				{
					vector
					[
						-0.000 1.000 0.000
					]
				}
				normalIndex
				[
					0, 0, 0, -1,
					0, 0, 0, -1
				]
			}
		}
		Shape
		{
			appearance Appearance
			{
				material Material
				{
					diffuseColor 0.800 0.800 0.800
				}
			}
			geometry IndexedFaceSet
			{
				creaseAngle 0.5
				solid TRUE
				coord Coordinate
				{
					point
					[
						-0.130 -3.500 -13.735,
						-0.500 -2.800 -13.365,
						-0.130 -3.500 -14.065,
						-0.500 -2.800 -14.435
					]
				}
				coordIndex
				[
					0, 1, 2, -1,
					2, 1, 3, -1
				]
				normal Normal
				{
					vector
					[
						-0.884 -0.467 0.000
					]
				}
				normalIndex
				[
					0, 0, 0, -1,
					0, 0, 0, -1
				]
			}
		}
		Shape
		{
			appearance Appearance
			{
				material Material
				{
					diffuseColor 0.800 0.800 0.800
				}
			}
			geometry IndexedFaceSet
			{
				creaseAngle 0.5
				solid TRUE
				coord Coordinate
				{
					point
					[
						0.130 -3.500 -14.065,
						0.130 -3.500 -13.735,
						-0.130 -3.500 -14.065,
						-0.130 -3.500 -13.735
					]
				}
				coordIndex
				[
					0, 1, 2, -1,
					2, 1, 3, -1
				]
				normal Normal
				{
					vector
					[
						0.000 -1.000 0.000
					]
				}
				normalIndex
				[
					0, 0, 0, -1,
					0, 0, 0, -1
				]
			}
		}
		Shape
		{
			appearance Appearance
			{
				material Material
				{
					diffuseColor 0.800 0.800 0.800
				}
			}
			geometry IndexedFaceSet
			{
				creaseAngle 0.5
				solid TRUE
				coord Coordinate
				{
					point
					[
						-0.130 -3.500 -13.735,
						0.130 -3.500 -13.735,
						-0.500 -2.800 -13.365,
						0.500 -2.800 -13.365
					]
				}
				coordIndex
				[
					0, 1, 2, -1,
					2, 1, 3, -1
				]
				normal Normal
				{
					vector
					[
						0.000 -0.467 0.884
					]
				}
				normalIndex
				[
					0, 0, 0, -1,
					0, 0, 0, -1
				]
			}
		}
		Shape
		{
			appearance Appearance
			{
				material Material
				{
					diffuseColor 0.800 0.800 0.800
				}
			}
			geometry IndexedFaceSet
			{
				creaseAngle 0.5
				solid TRUE
				coord Coordinate
				{
					point
					[
						0.500 1.745 -13.365,
						-0.500 1.745 -13.365,
						0.500 -2.800 -13.365,
						-0.500 -2.800 -13.365
					]
				}
				coordIndex
				[
					0, 1, 2, -1,
					2, 1, 3, -1
				]
				normal Normal
				{
					vector
					[
						0.000 0.000 1.000
					]
				}
				normalIndex
				[
					0, 0, 0, -1,
					0, 0, 0, -1
				]
			}
		}
		Shape
		{
			appearance Appearance
			{
				material Material
				{
					diffuseColor 0.800 0.800 0.800
				}
			}
			geometry IndexedFaceSet
			{
				creaseAngle 0.5
				solid TRUE
				coord Coordinate
				{
					point
					[
						0.500 2.658 -12.800,
						-0.500 2.658 -12.800,
						0.500 2.536 -12.990,
						-0.500 2.536 -12.990,
						-0.500 2.374 -13.148,
						-0.500 2.183 -13.266,
						0.500 2.183 -13.266,
						0.500 2.374 -13.148,
						-0.500 1.969 -13.340,
						0.500 1.969 -13.340,
						-0.500 1.745 -13.365,
						0.500 1.745 -13.365
					]
				}
				coordIndex
				[
					0, 1, 2, -1,
					2, 1, 3, -1,
					2, 3, 4, -1,
					5, 6, 4, -1,
					4, 6, 7, -1,
					4, 7, 2, -1,
					5, 8, 6, -1,
					6, 8, 9, -1,
					10, 11, 8, -1,
					8, 11, 9, -1
				]
				normal Normal
				{
					vector
					[
						-0.000 -0.895 0.446,
						-0.000 -0.775 0.632,
						-0.000 -0.617 0.787,
						-0.000 -0.429 0.903,
						-0.000 -0.220 0.976,
						-0.000 -0.000 1.000
					]
				}
				normalIndex
				[
					0, 0, 1, -1,
					1, 0, 1, -1,
					1, 1, 2, -1,
					3, 3, 2, -1,
					2, 3, 2, -1,
					2, 2, 1, -1,
					3, 4, 3, -1,
					3, 4, 4, -1,
					5, 5, 4, -1,
					4, 5, 4, -1
				]
			}
		}
		Shape
		{
			appearance Appearance
			{
				material Material
				{
					diffuseColor 0.800 0.800 0.800
				}
			}
			geometry IndexedFaceSet
			{
				creaseAngle 0.5
				solid TRUE
				coord Coordinate
				{
					point
					[
						0.130 -3.500 -13.735,
						0.130 -3.500 -14.065,
						0.500 -2.800 -13.365,
						0.500 -2.800 -14.435
					]
				}
				coordIndex
				[
					0, 1, 2, -1,
					2, 1, 3, -1
				]
				normal Normal
				{
					vector
					[
						0.884 -0.467 0.000
					]
				}
				normalIndex
				[
					0, 0, 0, -1,
					0, 0, 0, -1
				]
			}
		}
		Shape
		{
			appearance Appearance
			{
				material Material
				{
					diffuseColor 0.800 0.800 0.800
				}
			}
			geometry IndexedFaceSet
			{
				creaseAngle 0.5
				solid TRUE
				coord Coordinate
				{
					point
					[
						0.130 -3.500 -14.065,
						-0.130 -3.500 -14.065,
						0.500 -2.800 -14.435,
						-0.500 -2.800 -14.435
					]
				}
				coordIndex
				[
					0, 1, 2, -1,
					2, 1, 3, -1
				]
				normal Normal
				{
					vector
					[
						0.000 -0.467 -0.884
					]
				}
				normalIndex
				[
					0, 0, 0, -1,
					0, 0, 0, -1
				]
			}
		}
		Shape
		{
			appearance Appearance
			{
				material Material
				{
					diffuseColor 0.800 0.800 0.800
				}
			}
			geometry IndexedFaceSet
			{
				creaseAngle 0.5
				solid TRUE
				coord Coordinate
				{
					point
					[
						-0.500 -2.800 -14.435,
						-0.500 1.745 -14.435,
						0.500 -2.800 -14.435,
						0.500 1.745 -14.435
					]
				}
				coordIndex
				[
					0, 1, 2, -1,
					2, 1, 3, -1
				]
				normal Normal
				{
					vector
					[
						0.000 0.000 -1.000
					]
				}
				normalIndex
				[
					0, 0, 0, -1,
					0, 0, 0, -1
				]
			}
		}
		Shape
		{
			appearance Appearance
			{
				material Material
				{
					diffuseColor 0.800 0.800 0.800
				}
			}
			geometry IndexedFaceSet
			{
				creaseAngle 0.5
				solid TRUE
				coord Coordinate
				{
					point
					[
						-0.500 3.785 -12.800,
						0.500 3.785 -12.800,
						-0.500 3.632 -13.244,
						0.500 3.632 -13.244,
						0.500 3.383 -13.643,
						0.500 2.655 -14.227,
						-0.500 2.655 -14.227,
						0.500 3.052 -13.976,
						-0.500 3.052 -13.976,
						-0.500 3.383 -13.643,
						0.500 2.212 -14.382,
						-0.500 2.212 -14.382,
						0.500 1.745 -14.435,
						-0.500 1.745 -14.435
					]
				}
				coordIndex
				[
					0, 1, 2, -1,
					2, 1, 3, -1,
					2, 3, 4, -1,
					5, 6, 7, -1,
					7, 6, 8, -1,
					7, 8, 4, -1,
					4, 8, 9, -1,
					4, 9, 2, -1,
					5, 10, 6, -1,
					6, 10, 11, -1,
					12, 13, 10, -1,
					10, 13, 11, -1
				]
				normal Normal
				{
					vector
					[
						0.000 0.976 -0.218,
						0.000 0.903 -0.430,
						0.000 0.784 -0.621,
						0.000 0.435 -0.900,
						0.000 0.625 -0.780,
						0.000 0.223 -0.975,
						0.000 0.000 -1.000
					]
				}
				normalIndex
				[
					0, 0, 1, -1,
					1, 0, 1, -1,
					1, 1, 2, -1,
					3, 3, 4, -1,
					4, 3, 4, -1,
					4, 4, 2, -1,
					2, 4, 2, -1,
					2, 2, 1, -1,
					3, 5, 3, -1,
					3, 5, 5, -1,
					6, 6, 5, -1,
					5, 6, 5, -1
				]
			}
		}
		Shape
		{
			appearance Appearance
			{
				material Material
				{
					diffuseColor 0.800 0.800 0.800
				}
			}
			geometry IndexedFaceSet
			{
				creaseAngle 0.5
				solid TRUE
				coord Coordinate
				{
					point
					[
						-3.700 2.765 -4.500,
						-3.700 2.765 -9.100,
						-3.700 3.835 -4.500,
						-3.700 3.835 -9.100
					]
				}
				coordIndex
				[
					0, 1, 2, -1,
					2, 1, 3, -1
				]
				normal Normal
				{
					vector
					[
						1.000 -0.000 -0.000
					]
				}
				normalIndex
				[
					0, 0, 0, -1,
					0, 0, 0, -1
				]
			}
		}
		Shape
		{
			appearance Appearance
			{
				material Material
				{
					diffuseColor 0.800 0.800 0.800
				}
			}
			geometry IndexedFaceSet
			{
				creaseAngle 0.5
				solid TRUE
				coord Coordinate
				{
					point
					[
						-3.700 -2.800 -13.365,
						-3.700 -2.800 -14.435,
						-3.700 1.745 -13.365,
						-3.700 1.745 -14.435,
						-3.700 1.969 -13.340,
						-3.700 2.212 -14.382,
						-3.700 2.183 -13.266,
						-3.700 2.655 -14.227,
						-3.700 2.374 -13.148,
						-3.700 3.052 -13.976,
						-3.700 2.536 -12.990,
						-3.700 3.383 -13.643,
						-3.700 2.658 -12.800,
						-3.700 3.632 -13.244,
						-3.700 3.785 -12.800
					]
				}
				coordIndex
				[
					0, 1, 2, -1,
					2, 1, 3, -1,
					2, 3, 4, -1,
					4, 3, 5, -1,
					4, 5, 6, -1,
					6, 5, 7, -1,
					6, 7, 8, -1,
					8, 7, 9, -1,
					8, 9, 10, -1,
					10, 9, 11, -1,
					10, 11, 12, -1,
					12, 11, 13, -1,
					12, 13, 14, -1
				]
				normal Normal
				{
					vector
					[
						1.000 -0.000 -0.000
					]
				}
				normalIndex
				[
					0, 0, 0, -1,
					0, 0, 0, -1,
					0, 0, 0, -1,
					0, 0, 0, -1,
					0, 0, 0, -1,
					0, 0, 0, -1,
					0, 0, 0, -1,
					0, 0, 0, -1,
					0, 0, 0, -1,
					0, 0, 0, -1,
					0, 0, 0, -1,
					0, 0, 0, -1,
					0, 0, 0, -1
				]
			}
		}
		Shape
		{
			appearance Appearance
			{
				material Material
				{
					diffuseColor 0.800 0.800 0.800
				}
			}
			geometry IndexedFaceSet
			{
				creaseAngle 0.5
				solid TRUE
				coord Coordinate
				{
					point
					[
						-4.070 3.465 -3.800,
						-4.070 3.135 -3.800,
						-3.700 3.835 -4.500,
						-3.700 2.765 -4.500
					]
				}
				coordIndex
				[
					0, 1, 2, -1,
					2, 1, 3, -1
				]
				normal Normal
				{
					vector
					[
						0.884 0.000 0.467
					]
				}
				normalIndex
				[
					0, 0, 0, -1,
					0, 0, 0, -1
				]
			}
		}
		Shape
		{
			appearance Appearance
			{
				material Material
				{
					diffuseColor 0.800 0.800 0.800
				}
			}
			geometry IndexedFaceSet
			{
				creaseAngle 0.5
				solid TRUE
				coord Coordinate
				{
					point
					[
						-4.070 3.135 -3.800,
						-4.330 3.135 -3.800,
						-3.700 2.765 -4.500,
						-4.700 2.765 -4.500
					]
				}
				coordIndex
				[
					0, 1, 2, -1,
					2, 1, 3, -1
				]
				normal Normal
				{
					vector
					[
						0.000 -0.884 0.467
					]
				}
				normalIndex
				[
					0, 0, 0, -1,
					0, 0, 0, -1
				]
			}
		}
		Shape
		{
			appearance Appearance
			{
				material Material
				{
					diffuseColor 0.800 0.800 0.800
				}
			}
			geometry IndexedFaceSet
			{
				creaseAngle 0.5
				solid TRUE
				coord Coordinate
				{
					point
					[
						-4.700 2.765 -4.500,
						-4.700 2.765 -9.100,
						-3.700 2.765 -4.500,
						-3.700 2.765 -9.100
					]
				}
				coordIndex
				[
					0, 1, 2, -1,
					2, 1, 3, -1
				]
				normal Normal
				{
					vector
					[
						0.000 -1.000 0.000
					]
				}
				normalIndex
				[
					0, 0, 0, -1,
					0, 0, 0, -1
				]
			}
		}
		Shape
		{
			appearance Appearance
			{
				material Material
				{
					diffuseColor 0.800 0.800 0.800
				}
			}
			geometry IndexedFaceSet
			{
				creaseAngle 0.5
				solid TRUE
				coord Coordinate
				{
					point
					[
						-4.700 3.835 -4.500,
						-4.700 3.835 -9.100,
						-4.700 2.765 -4.500,
						-4.700 2.765 -9.100
					]
				}
				coordIndex
				[
					0, 1, 2, -1,
					2, 1, 3, -1
				]
				normal Normal
				{
					vector
					[
						-1.000 0.000 0.000
					]
				}
				normalIndex
				[
					0, 0, 0, -1,
					0, 0, 0, -1
				]
			}
		}
		Shape
		{
			appearance Appearance
			{
				material Material
				{
					diffuseColor 0.800 0.800 0.800
				}
			}
			geometry IndexedFaceSet
			{
				creaseAngle 0.5
				solid TRUE
				coord Coordinate
				{
					point
					[
						-4.700 -2.800 -14.435,
						-4.700 -2.800 -13.365,
						-4.700 1.745 -14.435,
						-4.700 1.745 -13.365,
						-4.700 1.969 -13.340,
						-4.700 2.212 -14.382,
						-4.700 2.183 -13.266,
						-4.700 2.655 -14.227,
						-4.700 2.374 -13.148,
						-4.700 3.052 -13.976,
						-4.700 2.536 -12.990,
						-4.700 3.383 -13.643,
						-4.700 2.658 -12.800,
						-4.700 3.632 -13.244,
						-4.700 3.785 -12.800
					]
				}
				coordIndex
				[
					0, 1, 2, -1,
					2, 1, 3, -1,
					2, 3, 4, -1,
					2, 4, 5, -1,
					5, 4, 6, -1,
					5, 6, 7, -1,
					7, 6, 8, -1,
					7, 8, 9, -1,
					9, 8, 10, -1,
					9, 10, 11, -1,
					11, 10, 12, -1,
					11, 12, 13, -1,
					13, 12, 14, -1
				]
				normal Normal
				{
					vector
					[
						-1.000 0.000 0.000
					]
				}
				normalIndex
				[
					0, 0, 0, -1,
					0, 0, 0, -1,
					0, 0, 0, -1,
					0, 0, 0, -1,
					0, 0, 0, -1,
					0, 0, 0, -1,
					0, 0, 0, -1,
					0, 0, 0, -1,
					0, 0, 0, -1,
					0, 0, 0, -1,
					0, 0, 0, -1,
					0, 0, 0, -1,
					0, 0, 0, -1
				]
			}
		}
		Shape
		{
			appearance Appearance
			{
				material Material
				{
					diffuseColor 0.800 0.800 0.800
				}
			}
			geometry IndexedFaceSet
			{
				creaseAngle 0.5
				solid TRUE
				coord Coordinate
				{
					point
					[
						-4.700 3.835 -4.500,
						-4.700 2.765 -4.500,
						-4.330 3.465 -3.800,
						-4.330 3.135 -3.800
					]
				}
				coordIndex
				[
					0, 1, 2, -1,
					2, 1, 3, -1
				]
				normal Normal
				{
					vector
					[
						-0.884 0.000 0.467
					]
				}
				normalIndex
				[
					0, 0, 0, -1,
					0, 0, 0, -1
				]
			}
		}
		Shape
		{
			appearance Appearance
			{
				material Material
				{
					diffuseColor 0.800 0.800 0.800
				}
			}
			geometry IndexedFaceSet
			{
				creaseAngle 0.5
				solid TRUE
				coord Coordinate
				{
					point
					[
						-4.330 3.135 -3.800,
						-4.070 3.135 -3.800,
						-4.330 3.465 -3.800,
						-4.070 3.465 -3.800
					]
				}
				coordIndex
				[
					0, 1, 2, -1,
					2, 1, 3, -1
				]
				normal Normal
				{
					vector
					[
						0.000 0.000 1.000
					]
				}
				normalIndex
				[
					0, 0, 0, -1,
					0, 0, 0, -1
				]
			}
		}
		Shape
		{
			appearance Appearance
			{
				material Material
				{
					diffuseColor 0.800 0.800 0.800
				}
			}
			geometry IndexedFaceSet
			{
				creaseAngle 0.5
				solid TRUE
				coord Coordinate
				{
					point
					[
						-4.330 3.465 -3.800,
						-4.070 3.465 -3.800,
						-4.700 3.835 -4.500,
						-3.700 3.835 -4.500
					]
				}
				coordIndex
				[
					0, 1, 2, -1,
					2, 1, 3, -1
				]
				normal Normal
				{
					vector
					[
						0.000 0.884 0.467
					]
				}
				normalIndex
				[
					0, 0, 0, -1,
					0, 0, 0, -1
				]
			}
		}
		Shape
		{
			appearance Appearance
			{
				material Material
				{
					diffuseColor 0.800 0.800 0.800
				}
			}
			geometry IndexedFaceSet
			{
				creaseAngle 0.5
				solid TRUE
				coord Coordinate
				{
					point
					[
						-3.700 3.835 -9.100,
						-4.700 3.835 -9.100,
						-3.700 3.835 -4.500,
						-4.700 3.835 -4.500
					]
				}
				coordIndex
				[
					0, 1, 2, -1,
					2, 1, 3, -1
				]
				normal Normal
				{
					vector
					[
						-0.000 1.000 0.000
					]
				}
				normalIndex
				[
					0, 0, 0, -1,
					0, 0, 0, -1
				]
			}
		}
		Shape
		{
			appearance Appearance
			{
				material Material
				{
					diffuseColor 0.800 0.800 0.800
				}
			}
			geometry IndexedFaceSet
			{
				creaseAngle 0.5
				solid TRUE
				coord Coordinate
				{
					point
					[
						-4.330 -3.500 -13.735,
						-4.700 -2.800 -13.365,
						-4.330 -3.500 -14.065,
						-4.700 -2.800 -14.435
					]
				}
				coordIndex
				[
					0, 1, 2, -1,
					2, 1, 3, -1
				]
				normal Normal
				{
					vector
					[
						-0.884 -0.467 0.000
					]
				}
				normalIndex
				[
					0, 0, 0, -1,
					0, 0, 0, -1
				]
			}
		}
		Shape
		{
			appearance Appearance
			{
				material Material
				{
					diffuseColor 0.800 0.800 0.800
				}
			}
			geometry IndexedFaceSet
			{
				creaseAngle 0.5
				solid TRUE
				coord Coordinate
				{
					point
					[
						-4.070 -3.500 -14.065,
						-4.070 -3.500 -13.735,
						-4.330 -3.500 -14.065,
						-4.330 -3.500 -13.735
					]
				}
				coordIndex
				[
					0, 1, 2, -1,
					2, 1, 3, -1
				]
				normal Normal
				{
					vector
					[
						0.000 -1.000 0.000
					]
				}
				normalIndex
				[
					0, 0, 0, -1,
					0, 0, 0, -1
				]
			}
		}
		Shape
		{
			appearance Appearance
			{
				material Material
				{
					diffuseColor 0.800 0.800 0.800
				}
			}
			geometry IndexedFaceSet
			{
				creaseAngle 0.5
				solid TRUE
				coord Coordinate
				{
					point
					[
						-4.330 -3.500 -13.735,
						-4.070 -3.500 -13.735,
						-4.700 -2.800 -13.365,
						-3.700 -2.800 -13.365
					]
				}
				coordIndex
				[
					0, 1, 2, -1,
					2, 1, 3, -1
				]
				normal Normal
				{
					vector
					[
						0.000 -0.467 0.884
					]
				}
				normalIndex
				[
					0, 0, 0, -1,
					0, 0, 0, -1
				]
			}
		}
		Shape
		{
			appearance Appearance
			{
				material Material
				{
					diffuseColor 0.800 0.800 0.800
				}
			}
			geometry IndexedFaceSet
			{
				creaseAngle 0.5
				solid TRUE
				coord Coordinate
				{
					point
					[
						-3.700 1.745 -13.365,
						-4.700 1.745 -13.365,
						-3.700 -2.800 -13.365,
						-4.700 -2.800 -13.365
					]
				}
				coordIndex
				[
					0, 1, 2, -1,
					2, 1, 3, -1
				]
				normal Normal
				{
					vector
					[
						0.000 0.000 1.000
					]
				}
				normalIndex
				[
					0, 0, 0, -1,
					0, 0, 0, -1
				]
			}
		}
		Shape
		{
			appearance Appearance
			{
				material Material
				{
					diffuseColor 0.800 0.800 0.800
				}
			}
			geometry IndexedFaceSet
			{
				creaseAngle 0.5
				solid TRUE
				coord Coordinate
				{
					point
					[
						-3.700 2.658 -12.800,
						-4.700 2.658 -12.800,
						-3.700 2.536 -12.990,
						-4.700 2.536 -12.990,
						-4.700 2.374 -13.148,
						-4.700 2.183 -13.266,
						-3.700 2.183 -13.266,
						-3.700 2.374 -13.148,
						-4.700 1.969 -13.340,
						-3.700 1.969 -13.340,
						-4.700 1.745 -13.365,
						-3.700 1.745 -13.365
					]
				}
				coordIndex
				[
					0, 1, 2, -1,
					2, 1, 3, -1,
					2, 3, 4, -1,
					5, 6, 4, -1,
					4, 6, 7, -1,
					4, 7, 2, -1,
					5, 8, 6, -1,
					6, 8, 9, -1,
					10, 11, 8, -1,
					8, 11, 9, -1
				]
				normal Normal
				{
					vector
					[
						-0.000 -0.895 0.446,
						-0.000 -0.775 0.632,
						-0.000 -0.617 0.787,
						-0.000 -0.429 0.903,
						-0.000 -0.220 0.976,
						-0.000 -0.000 1.000
					]
				}
				normalIndex
				[
					0, 0, 1, -1,
					1, 0, 1, -1,
					1, 1, 2, -1,
					3, 3, 2, -1,
					2, 3, 2, -1,
					2, 2, 1, -1,
					3, 4, 3, -1,
					3, 4, 4, -1,
					5, 5, 4, -1,
					4, 5, 4, -1
				]
			}
		}
		Shape
		{
			appearance Appearance
			{
				material Material
				{
					diffuseColor 0.800 0.800 0.800
				}
			}
			geometry IndexedFaceSet
			{
				creaseAngle 0.5
				solid TRUE
				coord Coordinate
				{
					point
					[
						-4.070 -3.500 -13.735,
						-4.070 -3.500 -14.065,
						-3.700 -2.800 -13.365,
						-3.700 -2.800 -14.435
					]
				}
				coordIndex
				[
					0, 1, 2, -1,
					2, 1, 3, -1
				]
				normal Normal
				{
					vector
					[
						0.884 -0.467 0.000
					]
				}
				normalIndex
				[
					0, 0, 0, -1,
					0, 0, 0, -1
				]
			}
		}
		Shape
		{
			appearance Appearance
			{
				material Material
				{
					diffuseColor 0.800 0.800 0.800
				}
			}
			geometry IndexedFaceSet
			{
				creaseAngle 0.5
				solid TRUE
				coord Coordinate
				{
					point
					[
						-4.070 -3.500 -14.065,
						-4.330 -3.500 -14.065,
						-3.700 -2.800 -14.435,
						-4.700 -2.800 -14.435
					]
				}
				coordIndex
				[
					0, 1, 2, -1,
					2, 1, 3, -1
				]
				normal Normal
				{
					vector
					[
						0.000 -0.467 -0.884
					]
				}
				normalIndex
				[
					0, 0, 0, -1,
					0, 0, 0, -1
				]
			}
		}
		Shape
		{
			appearance Appearance
			{
				material Material
				{
					diffuseColor 0.800 0.800 0.800
				}
			}
			geometry IndexedFaceSet
			{
				creaseAngle 0.5
				solid TRUE
				coord Coordinate
				{
					point
					[
						-4.700 -2.800 -14.435,
						-4.700 1.745 -14.435,
						-3.700 -2.800 -14.435,
						-3.700 1.745 -14.435
					]
				}
				coordIndex
				[
					0, 1, 2, -1,
					2, 1, 3, -1
				]
				normal Normal
				{
					vector
					[
						0.000 0.000 -1.000
					]
				}
				normalIndex
				[
					0, 0, 0, -1,
					0, 0, 0, -1
				]
			}
		}
		Shape
		{
			appearance Appearance
			{
				material Material
				{
					diffuseColor 0.800 0.800 0.800
				}
			}
			geometry IndexedFaceSet
			{
				creaseAngle 0.5
				solid TRUE
				coord Coordinate
				{
					point
					[
						-4.700 3.785 -12.800,
						-3.700 3.785 -12.800,
						-4.700 3.632 -13.244,
						-3.700 3.632 -13.244,
						-3.700 3.383 -13.643,
						-3.700 2.655 -14.227,
						-4.700 2.655 -14.227,
						-3.700 3.052 -13.976,
						-4.700 3.052 -13.976,
						-4.700 3.383 -13.643,
						-3.700 2.212 -14.382,
						-4.700 2.212 -14.382,
						-3.700 1.745 -14.435,
						-4.700 1.745 -14.435
					]
				}
				coordIndex
				[
					0, 1, 2, -1,
					2, 1, 3, -1,
					2, 3, 4, -1,
					5, 6, 7, -1,
					7, 6, 8, -1,
					7, 8, 4, -1,
					4, 8, 9, -1,
					4, 9, 2, -1,
					5, 10, 6, -1,
					6, 10, 11, -1,
					12, 13, 10, -1,
					10, 13, 11, -1
				]
				normal Normal
				{
					vector
					[
						0.000 0.976 -0.218,
						0.000 0.903 -0.430,
						0.000 0.784 -0.621,
						0.000 0.435 -0.900,
						0.000 0.625 -0.780,
						0.000 0.223 -0.975,
						0.000 0.000 -1.000
					]
				}
				normalIndex
				[
					0, 0, 1, -1,
					1, 0, 1, -1,
					1, 1, 2, -1,
					3, 3, 4, -1,
					4, 3, 4, -1,
					4, 4, 2, -1,
					2, 4, 2, -1,
					2, 2, 1, -1,
					3, 5, 3, -1,
					3, 5, 5, -1,
					6, 6, 5, -1,
					5, 6, 5, -1
				]
			}
		}
		Shape
		{
			appearance Appearance
			{
				material Material
				{
					diffuseColor 0.800 0.800 0.800
				}
			}
			geometry IndexedFaceSet
			{
				creaseAngle 0.5
				solid TRUE
				coord Coordinate
				{
					point
					[
						-0.130 -3.500 -19.235,
						-0.500 -2.800 -18.865,
						-0.130 -3.500 -19.565,
						-0.500 -2.800 -19.935
					]
				}
				coordIndex
				[
					0, 1, 2, -1,
					2, 1, 3, -1
				]
				normal Normal
				{
					vector
					[
						-0.884 -0.467 0.000
					]
				}
				normalIndex
				[
					0, 0, 0, -1,
					0, 0, 0, -1
				]
			}
		}
		Shape
		{
			appearance Appearance
			{
				material Material
				{
					diffuseColor 0.800 0.800 0.800
				}
			}
			geometry IndexedFaceSet
			{
				creaseAngle 0.5
				solid TRUE
				coord Coordinate
				{
					point
					[
						-0.130 -3.500 -19.235,
						-0.130 -3.500 -19.565,
						0.130 -3.500 -19.235,
						0.130 -3.500 -19.565
					]
				}
				coordIndex
				[
					0, 1, 2, -1,
					2, 1, 3, -1
				]
				normal Normal
				{
					vector
					[
						0.000 -1.000 0.000
					]
				}
				normalIndex
				[
					0, 0, 0, -1,
					0, 0, 0, -1
				]
			}
		}
		Shape
		{
			appearance Appearance
			{
				material Material
				{
					diffuseColor 0.800 0.800 0.800
				}
			}
			geometry IndexedFaceSet
			{
				creaseAngle 0.5
				solid TRUE
				coord Coordinate
				{
					point
					[
						4.700 2.765 -4.500,
						4.700 2.765 -9.100,
						4.700 3.835 -4.500,
						4.700 3.835 -9.100
					]
				}
				coordIndex
				[
					0, 1, 2, -1,
					2, 1, 3, -1
				]
				normal Normal
				{
					vector
					[
						1.000 -0.000 -0.000
					]
				}
				normalIndex
				[
					0, 0, 0, -1,
					0, 0, 0, -1
				]
			}
		}
		Shape
		{
			appearance Appearance
			{
				material Material
				{
					diffuseColor 0.800 0.800 0.800
				}
			}
			geometry IndexedFaceSet
			{
				creaseAngle 0.5
				solid TRUE
				coord Coordinate
				{
					point
					[
						4.700 -2.800 -13.365,
						4.700 -2.800 -14.435,
						4.700 1.745 -13.365,
						4.700 1.745 -14.435,
						4.700 1.969 -13.340,
						4.700 2.212 -14.382,
						4.700 2.183 -13.266,
						4.700 2.655 -14.227,
						4.700 2.374 -13.148,
						4.700 3.052 -13.976,
						4.700 2.536 -12.990,
						4.700 3.383 -13.643,
						4.700 2.658 -12.800,
						4.700 3.632 -13.244,
						4.700 3.785 -12.800
					]
				}
				coordIndex
				[
					0, 1, 2, -1,
					2, 1, 3, -1,
					2, 3, 4, -1,
					4, 3, 5, -1,
					4, 5, 6, -1,
					6, 5, 7, -1,
					6, 7, 8, -1,
					8, 7, 9, -1,
					8, 9, 10, -1,
					10, 9, 11, -1,
					10, 11, 12, -1,
					12, 11, 13, -1,
					12, 13, 14, -1
				]
				normal Normal
				{
					vector
					[
						1.000 -0.000 -0.000
					]
				}
				normalIndex
				[
					0, 0, 0, -1,
					0, 0, 0, -1,
					0, 0, 0, -1,
					0, 0, 0, -1,
					0, 0, 0, -1,
					0, 0, 0, -1,
					0, 0, 0, -1,
					0, 0, 0, -1,
					0, 0, 0, -1,
					0, 0, 0, -1,
					0, 0, 0, -1,
					0, 0, 0, -1,
					0, 0, 0, -1
				]
			}
		}
		Shape
		{
			appearance Appearance
			{
				material Material
				{
					diffuseColor 0.800 0.800 0.800
				}
			}
			geometry IndexedFaceSet
			{
				creaseAngle 0.5
				solid TRUE
				coord Coordinate
				{
					point
					[
						4.330 3.465 -3.800,
						4.330 3.135 -3.800,
						4.700 3.835 -4.500,
						4.700 2.765 -4.500
					]
				}
				coordIndex
				[
					0, 1, 2, -1,
					2, 1, 3, -1
				]
				normal Normal
				{
					vector
					[
						0.884 0.000 0.467
					]
				}
				normalIndex
				[
					0, 0, 0, -1,
					0, 0, 0, -1
				]
			}
		}
		Shape
		{
			appearance Appearance
			{
				material Material
				{
					diffuseColor 0.800 0.800 0.800
				}
			}
			geometry IndexedFaceSet
			{
				creaseAngle 0.5
				solid TRUE
				coord Coordinate
				{
					point
					[
						4.330 3.135 -3.800,
						4.070 3.135 -3.800,
						4.700 2.765 -4.500,
						3.700 2.765 -4.500
					]
				}
				coordIndex
				[
					0, 1, 2, -1,
					2, 1, 3, -1
				]
				normal Normal
				{
					vector
					[
						0.000 -0.884 0.467
					]
				}
				normalIndex
				[
					0, 0, 0, -1,
					0, 0, 0, -1
				]
			}
		}
		Shape
		{
			appearance Appearance
			{
				material Material
				{
					diffuseColor 0.800 0.800 0.800
				}
			}
			geometry IndexedFaceSet
			{
				creaseAngle 0.5
				solid TRUE
				coord Coordinate
				{
					point
					[
						3.700 2.765 -4.500,
						3.700 2.765 -9.100,
						4.700 2.765 -4.500,
						4.700 2.765 -9.100
					]
				}
				coordIndex
				[
					0, 1, 2, -1,
					2, 1, 3, -1
				]
				normal Normal
				{
					vector
					[
						0.000 -1.000 0.000
					]
				}
				normalIndex
				[
					0, 0, 0, -1,
					0, 0, 0, -1
				]
			}
		}
		Shape
		{
			appearance Appearance
			{
				material Material
				{
					diffuseColor 0.800 0.800 0.800
				}
			}
			geometry IndexedFaceSet
			{
				creaseAngle 0.5
				solid TRUE
				coord Coordinate
				{
					point
					[
						3.700 3.835 -4.500,
						3.700 3.835 -9.100,
						3.700 2.765 -4.500,
						3.700 2.765 -9.100
					]
				}
				coordIndex
				[
					0, 1, 2, -1,
					2, 1, 3, -1
				]
				normal Normal
				{
					vector
					[
						-1.000 0.000 0.000
					]
				}
				normalIndex
				[
					0, 0, 0, -1,
					0, 0, 0, -1
				]
			}
		}
		Shape
		{
			appearance Appearance
			{
				material Material
				{
					diffuseColor 0.800 0.800 0.800
				}
			}
			geometry IndexedFaceSet
			{
				creaseAngle 0.5
				solid TRUE
				coord Coordinate
				{
					point
					[
						3.700 -2.800 -14.435,
						3.700 -2.800 -13.365,
						3.700 1.745 -14.435,
						3.700 1.745 -13.365,
						3.700 1.969 -13.340,
						3.700 2.212 -14.382,
						3.700 2.183 -13.266,
						3.700 2.655 -14.227,
						3.700 2.374 -13.148,
						3.700 3.052 -13.976,
						3.700 2.536 -12.990,
						3.700 3.383 -13.643,
						3.700 2.658 -12.800,
						3.700 3.632 -13.244,
						3.700 3.785 -12.800
					]
				}
				coordIndex
				[
					0, 1, 2, -1,
					2, 1, 3, -1,
					2, 3, 4, -1,
					2, 4, 5, -1,
					5, 4, 6, -1,
					5, 6, 7, -1,
					7, 6, 8, -1,
					7, 8, 9, -1,
					9, 8, 10, -1,
					9, 10, 11, -1,
					11, 10, 12, -1,
					11, 12, 13, -1,
					13, 12, 14, -1
				]
				normal Normal
				{
					vector
					[
						-1.000 0.000 0.000
					]
				}
				normalIndex
				[
					0, 0, 0, -1,
					0, 0, 0, -1,
					0, 0, 0, -1,
					0, 0, 0, -1,
					0, 0, 0, -1,
					0, 0, 0, -1,
					0, 0, 0, -1,
					0, 0, 0, -1,
					0, 0, 0, -1,
					0, 0, 0, -1,
					0, 0, 0, -1,
					0, 0, 0, -1,
					0, 0, 0, -1
				]
			}
		}
		Shape
		{
			appearance Appearance
			{
				material Material
				{
					diffuseColor 0.800 0.800 0.800
				}
			}
			geometry IndexedFaceSet
			{
				creaseAngle 0.5
				solid TRUE
				coord Coordinate
				{
					point
					[
						3.700 3.835 -4.500,
						3.700 2.765 -4.500,
						4.070 3.465 -3.800,
						4.070 3.135 -3.800
					]
				}
				coordIndex
				[
					0, 1, 2, -1,
					2, 1, 3, -1
				]
				normal Normal
				{
					vector
					[
						-0.884 0.000 0.467
					]
				}
				normalIndex
				[
					0, 0, 0, -1,
					0, 0, 0, -1
				]
			}
		}
		Shape
		{
			appearance Appearance
			{
				material Material
				{
					diffuseColor 0.800 0.800 0.800
				}
			}
			geometry IndexedFaceSet
			{
				creaseAngle 0.5
				solid TRUE
				coord Coordinate
				{
					point
					[
						4.070 3.135 -3.800,
						4.330 3.135 -3.800,
						4.070 3.465 -3.800,
						4.330 3.465 -3.800
					]
				}
				coordIndex
				[
					0, 1, 2, -1,
					2, 1, 3, -1
				]
				normal Normal
				{
					vector
					[
						0.000 0.000 1.000
					]
				}
				normalIndex
				[
					0, 0, 0, -1,
					0, 0, 0, -1
				]
			}
		}
		Shape
		{
			appearance Appearance
			{
				material Material
				{
					diffuseColor 0.800 0.800 0.800
				}
			}
			geometry IndexedFaceSet
			{
				creaseAngle 0.5
				solid TRUE
				coord Coordinate
				{
					point
					[
						4.070 3.465 -3.800,
						4.330 3.465 -3.800,
						3.700 3.835 -4.500,
						4.700 3.835 -4.500
					]
				}
				coordIndex
				[
					0, 1, 2, -1,
					2, 1, 3, -1
				]
				normal Normal
				{
					vector
					[
						0.000 0.884 0.467
					]
				}
				normalIndex
				[
					0, 0, 0, -1,
					0, 0, 0, -1
				]
			}
		}
		Shape
		{
			appearance Appearance
			{
				material Material
				{
					diffuseColor 0.800 0.800 0.800
				}
			}
			geometry IndexedFaceSet
			{
				creaseAngle 0.5
				solid TRUE
				coord Coordinate
				{
					point
					[
						4.700 3.835 -9.100,
						3.700 3.835 -9.100,
						4.700 3.835 -4.500,
						3.700 3.835 -4.500
					]
				}
				coordIndex
				[
					0, 1, 2, -1,
					2, 1, 3, -1
				]
				normal Normal
				{
					vector
					[
						-0.000 1.000 0.000
					]
				}
				normalIndex
				[
					0, 0, 0, -1,
					0, 0, 0, -1
				]
			}
		}
		Shape
		{
			appearance Appearance
			{
				material Material
				{
					diffuseColor 0.800 0.800 0.800
				}
			}
			geometry IndexedFaceSet
			{
				creaseAngle 0.5
				solid TRUE
				coord Coordinate
				{
					point
					[
						4.070 -3.500 -13.735,
						3.700 -2.800 -13.365,
						4.070 -3.500 -14.065,
						3.700 -2.800 -14.435
					]
				}
				coordIndex
				[
					0, 1, 2, -1,
					2, 1, 3, -1
				]
				normal Normal
				{
					vector
					[
						-0.884 -0.467 0.000
					]
				}
				normalIndex
				[
					0, 0, 0, -1,
					0, 0, 0, -1
				]
			}
		}
		Shape
		{
			appearance Appearance
			{
				material Material
				{
					diffuseColor 0.800 0.800 0.800
				}
			}
			geometry IndexedFaceSet
			{
				creaseAngle 0.5
				solid TRUE
				coord Coordinate
				{
					point
					[
						4.330 -3.500 -14.065,
						4.330 -3.500 -13.735,
						4.070 -3.500 -14.065,
						4.070 -3.500 -13.735
					]
				}
				coordIndex
				[
					0, 1, 2, -1,
					2, 1, 3, -1
				]
				normal Normal
				{
					vector
					[
						0.000 -1.000 0.000
					]
				}
				normalIndex
				[
					0, 0, 0, -1,
					0, 0, 0, -1
				]
			}
		}
		Shape
		{
			appearance Appearance
			{
				material Material
				{
					diffuseColor 0.800 0.800 0.800
				}
			}
			geometry IndexedFaceSet
			{
				creaseAngle 0.5
				solid TRUE
				coord Coordinate
				{
					point
					[
						4.070 -3.500 -13.735,
						4.330 -3.500 -13.735,
						3.700 -2.800 -13.365,
						4.700 -2.800 -13.365
					]
				}
				coordIndex
				[
					0, 1, 2, -1,
					2, 1, 3, -1
				]
				normal Normal
				{
					vector
					[
						0.000 -0.467 0.884
					]
				}
				normalIndex
				[
					0, 0, 0, -1,
					0, 0, 0, -1
				]
			}
		}
		Shape
		{
			appearance Appearance
			{
				material Material
				{
					diffuseColor 0.800 0.800 0.800
				}
			}
			geometry IndexedFaceSet
			{
				creaseAngle 0.5
				solid TRUE
				coord Coordinate
				{
					point
					[
						4.700 1.745 -13.365,
						3.700 1.745 -13.365,
						4.700 -2.800 -13.365,
						3.700 -2.800 -13.365
					]
				}
				coordIndex
				[
					0, 1, 2, -1,
					2, 1, 3, -1
				]
				normal Normal
				{
					vector
					[
						0.000 0.000 1.000
					]
				}
				normalIndex
				[
					0, 0, 0, -1,
					0, 0, 0, -1
				]
			}
		}
		Shape
		{
			appearance Appearance
			{
				material Material
				{
					diffuseColor 0.800 0.800 0.800
				}
			}
			geometry IndexedFaceSet
			{
				creaseAngle 0.5
				solid TRUE
				coord Coordinate
				{
					point
					[
						4.700 2.658 -12.800,
						3.700 2.658 -12.800,
						4.700 2.536 -12.990,
						3.700 2.536 -12.990,
						3.700 2.374 -13.148,
						3.700 2.183 -13.266,
						4.700 2.183 -13.266,
						4.700 2.374 -13.148,
						3.700 1.969 -13.340,
						4.700 1.969 -13.340,
						3.700 1.745 -13.365,
						4.700 1.745 -13.365
					]
				}
				coordIndex
				[
					0, 1, 2, -1,
					2, 1, 3, -1,
					2, 3, 4, -1,
					5, 6, 4, -1,
					4, 6, 7, -1,
					4, 7, 2, -1,
					5, 8, 6, -1,
					6, 8, 9, -1,
					10, 11, 8, -1,
					8, 11, 9, -1
				]
				normal Normal
				{
					vector
					[
						-0.000 -0.895 0.446,
						-0.000 -0.775 0.632,
						-0.000 -0.617 0.787,
						-0.000 -0.429 0.903,
						-0.000 -0.220 0.976,
						-0.000 -0.000 1.000
					]
				}
				normalIndex
				[
					0, 0, 1, -1,
					1, 0, 1, -1,
					1, 1, 2, -1,
					3, 3, 2, -1,
					2, 3, 2, -1,
					2, 2, 1, -1,
					3, 4, 3, -1,
					3, 4, 4, -1,
					5, 5, 4, -1,
					4, 5, 4, -1
				]
			}
		}
		Shape
		{
			appearance Appearance
			{
				material Material
				{
					diffuseColor 0.800 0.800 0.800
				}
			}
			geometry IndexedFaceSet
			{
				creaseAngle 0.5
				solid TRUE
				coord Coordinate
				{
					point
					[
						4.330 -3.500 -13.735,
						4.330 -3.500 -14.065,
						4.700 -2.800 -13.365,
						4.700 -2.800 -14.435
					]
				}
				coordIndex
				[
					0, 1, 2, -1,
					2, 1, 3, -1
				]
				normal Normal
				{
					vector
					[
						0.884 -0.467 0.000
					]
				}
				normalIndex
				[
					0, 0, 0, -1,
					0, 0, 0, -1
				]
			}
		}
		Shape
		{
			appearance Appearance
			{
				material Material
				{
					diffuseColor 0.800 0.800 0.800
				}
			}
			geometry IndexedFaceSet
			{
				creaseAngle 0.5
				solid TRUE
				coord Coordinate
				{
					point
					[
						4.330 -3.500 -14.065,
						4.070 -3.500 -14.065,
						4.700 -2.800 -14.435,
						3.700 -2.800 -14.435
					]
				}
				coordIndex
				[
					0, 1, 2, -1,
					2, 1, 3, -1
				]
				normal Normal
				{
					vector
					[
						0.000 -0.467 -0.884
					]
				}
				normalIndex
				[
					0, 0, 0, -1,
					0, 0, 0, -1
				]
			}
		}
		Shape
		{
			appearance Appearance
			{
				material Material
				{
					diffuseColor 0.800 0.800 0.800
				}
			}
			geometry IndexedFaceSet
			{
				creaseAngle 0.5
				solid TRUE
				coord Coordinate
				{
					point
					[
						3.700 -2.800 -14.435,
						3.700 1.745 -14.435,
						4.700 -2.800 -14.435,
						4.700 1.745 -14.435
					]
				}
				coordIndex
				[
					0, 1, 2, -1,
					2, 1, 3, -1
				]
				normal Normal
				{
					vector
					[
						0.000 0.000 -1.000
					]
				}
				normalIndex
				[
					0, 0, 0, -1,
					0, 0, 0, -1
				]
			}
		}
		Shape
		{
			appearance Appearance
			{
				material Material
				{
					diffuseColor 0.800 0.800 0.800
				}
			}
			geometry IndexedFaceSet
			{
				creaseAngle 0.5
				solid TRUE
				coord Coordinate
				{
					point
					[
						4.700 1.745 -14.435,
						3.700 1.745 -14.435,
						4.700 2.212 -14.382,
						3.700 2.212 -14.382,
						3.700 2.655 -14.227,
						3.700 3.383 -13.643,
						4.700 3.383 -13.643,
						3.700 3.052 -13.976,
						4.700 3.052 -13.976,
						4.700 2.655 -14.227,
						3.700 3.632 -13.244,
						4.700 3.632 -13.244,
						3.700 3.785 -12.800,
						4.700 3.785 -12.800
					]
				}
				coordIndex
				[
					0, 1, 2, -1,
					2, 1, 3, -1,
					2, 3, 4, -1,
					5, 6, 7, -1,
					7, 6, 8, -1,
					7, 8, 4, -1,
					4, 8, 9, -1,
					4, 9, 2, -1,
					5, 10, 6, -1,
					6, 10, 11, -1,
					12, 13, 10, -1,
					10, 13, 11, -1
				]
				normal Normal
				{
					vector
					[
						0.000 0.000 -1.000,
						0.000 0.223 -0.975,
						0.000 0.435 -0.900,
						0.000 0.784 -0.621,
						0.000 0.625 -0.780,
						0.000 0.903 -0.430,
						0.000 0.976 -0.218
					]
				}
				normalIndex
				[
					0, 0, 1, -1,
					1, 0, 1, -1,
					1, 1, 2, -1,
					3, 3, 4, -1,
					4, 3, 4, -1,
					4, 4, 2, -1,
					2, 4, 2, -1,
					2, 2, 1, -1,
					3, 5, 3, -1,
					3, 5, 5, -1,
					6, 6, 5, -1,
					5, 6, 5, -1
				]
			}
		}
		Shape
		{
			appearance Appearance
			{
				material Material
				{
					diffuseColor 0.800 0.800 0.800
				}
			}
			geometry IndexedFaceSet
			{
				creaseAngle 0.5
				solid TRUE
				coord Coordinate
				{
					point
					[
						6.900 9.600 0.000,
						6.900 9.600 -12.800,
						6.886 9.704 0.000,
						6.886 9.704 -12.800,
						6.846 9.800 -12.800,
						6.846 9.800 0.000,
						6.783 9.883 -12.800,
						6.783 9.883 0.000,
						6.700 9.946 -12.800,
						6.700 9.946 0.000,
						6.604 9.986 0.000,
						6.604 9.986 -12.800,
						6.500 10.000 -12.800,
						6.500 10.000 0.000
					]
				}
				coordIndex
				[
					0, 1, 2, -1,
					2, 1, 3, -1,
					2, 3, 4, -1,
					2, 4, 5, -1,
					5, 4, 6, -1,
					5, 6, 7, -1,
					7, 6, 8, -1,
					7, 8, 9, -1,
					9, 8, 10, -1,
					8, 11, 10, -1,
					10, 11, 12, -1,
					10, 12, 13, -1
				]
				normal Normal
				{
					vector
					[
						1.000 0.000 0.000,
						0.966 0.259 0.000,
						0.866 0.500 0.000,
						0.707 0.707 0.000,
						0.500 0.866 0.000,
						0.259 0.966 0.000,
						0.000 1.000 0.000
					]
				}
				normalIndex
				[
					0, 0, 1, -1,
					1, 0, 1, -1,
					1, 1, 2, -1,
					1, 2, 2, -1,
					2, 2, 3, -1,
					2, 3, 3, -1,
					3, 3, 4, -1,
					3, 4, 4, -1,
					4, 4, 5, -1,
					4, 5, 5, -1,
					5, 5, 6, -1,
					5, 6, 6, -1
				]
			}
		}
		Shape
		{
			appearance Appearance
			{
				material Material
				{
					diffuseColor 0.800 0.800 0.800
				}
			}
			geometry IndexedFaceSet
			{
				creaseAngle 0.5
				solid TRUE
				coord Coordinate
				{
					point
					[
						6.900 0.800 -2.000,
						6.900 1.500 -2.000,
						6.900 0.800 0.000,
						6.900 2.350 0.000,
						6.900 1.500 -6.600,
						6.900 2.350 -6.600
					]
				}
				coordIndex
				[
					0, 1, 2, -1,
					2, 1, 3, -1,
					4, 5, 1, -1,
					1, 5, 3, -1
				]
				normal Normal
				{
					vector
					[
						1.000 0.000 0.000
					]
				}
				normalIndex
				[
					0, 0, 0, -1,
					0, 0, 0, -1,
					0, 0, 0, -1,
					0, 0, 0, -1
				]
			}
		}
		Shape
		{
			appearance Appearance
			{
				material Material
				{
					diffuseColor 0.800 0.800 0.800
				}
			}
			geometry IndexedFaceSet
			{
				creaseAngle 0.5
				solid TRUE
				coord Coordinate
				{
					point
					[
						6.900 9.600 -12.800,
						6.900 9.600 0.000,
						6.900 4.900 -6.600,
						6.900 3.150 0.000,
						6.900 3.150 -6.600,
						6.900 4.900 -12.800
					]
				}
				coordIndex
				[
					0, 1, 2, -1,
					2, 1, 3, -1,
					2, 3, 4, -1,
					2, 5, 0, -1
				]
				normal Normal
				{
					vector
					[
						1.000 0.000 0.000
					]
				}
				normalIndex
				[
					0, 0, 0, -1,
					0, 0, 0, -1,
					0, 0, 0, -1,
					0, 0, 0, -1
				]
			}
		}
		Shape
		{
			appearance Appearance
			{
				material Material
				{
					diffuseColor 0.800 0.800 0.800
				}
			}
			geometry IndexedFaceSet
			{
				creaseAngle 0.5
				solid TRUE
				coord Coordinate
				{
					point
					[
						6.500 0.400 0.000,
						6.500 0.400 -2.000,
						6.604 0.414 0.000,
						6.604 0.414 -2.000,
						6.700 0.454 -2.000,
						6.700 0.454 0.000,
						6.783 0.517 -2.000,
						6.783 0.517 0.000,
						6.846 0.600 -2.000,
						6.846 0.600 0.000,
						6.886 0.696 0.000,
						6.886 0.696 -2.000,
						6.900 0.800 -2.000,
						6.900 0.800 0.000
					]
				}
				coordIndex
				[
					0, 1, 2, -1,
					2, 1, 3, -1,
					2, 3, 4, -1,
					2, 4, 5, -1,
					5, 4, 6, -1,
					5, 6, 7, -1,
					7, 6, 8, -1,
					7, 8, 9, -1,
					9, 8, 10, -1,
					8, 11, 10, -1,
					10, 11, 12, -1,
					10, 12, 13, -1
				]
				normal Normal
				{
					vector
					[
						0.000 -1.000 0.000,
						0.259 -0.966 0.000,
						0.500 -0.866 0.000,
						0.707 -0.707 0.000,
						0.866 -0.500 0.000,
						0.966 -0.259 0.000,
						1.000 0.000 0.000
					]
				}
				normalIndex
				[
					0, 0, 1, -1,
					1, 0, 1, -1,
					1, 1, 2, -1,
					1, 2, 2, -1,
					2, 2, 3, -1,
					2, 3, 3, -1,
					3, 3, 4, -1,
					3, 4, 4, -1,
					4, 4, 5, -1,
					4, 5, 5, -1,
					5, 5, 6, -1,
					5, 6, 6, -1
				]
			}
		}
		Shape
		{
			appearance Appearance
			{
				material Material
				{
					diffuseColor 0.800 0.800 0.800
				}
			}
			geometry IndexedFaceSet
			{
				creaseAngle 0.5
				solid TRUE
				coord Coordinate
				{
					point
					[
						-6.500 0.400 0.000,
						-6.500 0.400 -2.000,
						6.500 0.400 0.000,
						6.500 0.400 -2.000,
						-6.500 0.400 -12.800,
						6.500 0.400 -12.800
					]
				}
				coordIndex
				[
					0, 1, 2, -1,
					2, 1, 3, -1,
					1, 4, 3, -1,
					3, 4, 5, -1
				]
				normal Normal
				{
					vector
					[
						0.000 -1.000 0.000
					]
				}
				normalIndex
				[
					0, 0, 0, -1,
					0, 0, 0, -1,
					0, 0, 0, -1,
					0, 0, 0, -1
				]
			}
		}
		Shape
		{
			appearance Appearance
			{
				material Material
				{
					diffuseColor 0.800 0.800 0.800
				}
			}
			geometry IndexedFaceSet
			{
				creaseAngle 0.5
				solid TRUE
				coord Coordinate
				{
					point
					[
						6.500 0.400 -2.000,
						6.500 0.400 -12.800,
						6.500 0.000 -2.000,
						6.500 0.000 -12.800
					]
				}
				coordIndex
				[
					0, 1, 2, -1,
					2, 1, 3, -1
				]
				normal Normal
				{
					vector
					[
						-1.000 0.000 0.000
					]
				}
				normalIndex
				[
					0, 0, 0, -1,
					0, 0, 0, -1
				]
			}
		}
		Shape
		{
			appearance Appearance
			{
				material Material
				{
					diffuseColor 0.800 0.800 0.800
				}
			}
			geometry IndexedFaceSet
			{
				creaseAngle 0.5
				solid TRUE
				coord Coordinate
				{
					point
					[
						6.846 0.600 -2.000,
						6.783 0.517 -2.000,
						7.500 0.000 -2.000,
						6.700 0.454 -2.000,
						6.500 0.000 -2.000,
						6.604 0.414 -2.000,
						6.500 0.400 -2.000,
						7.500 1.500 -2.000,
						6.900 0.800 -2.000,
						6.886 0.696 -2.000,
						6.900 1.500 -2.000
					]
				}
				coordIndex
				[
					0, 1, 2, -1,
					2, 1, 3, -1,
					2, 3, 4, -1,
					4, 3, 5, -1,
					4, 5, 6, -1,
					7, 8, 2, -1,
					2, 8, 9, -1,
					2, 9, 0, -1,
					7, 10, 8, -1
				]
				normal Normal
				{
					vector
					[
						-0.000 -0.000 1.000
					]
				}
				normalIndex
				[
					0, 0, 0, -1,
					0, 0, 0, -1,
					0, 0, 0, -1,
					0, 0, 0, -1,
					0, 0, 0, -1,
					0, 0, 0, -1,
					0, 0, 0, -1,
					0, 0, 0, -1,
					0, 0, 0, -1
				]
			}
		}
		Shape
		{
			appearance Appearance
			{
				material Material
				{
					diffuseColor 0.800 0.800 0.800
				}
			}
			geometry IndexedFaceSet
			{
				creaseAngle 0.5
				solid TRUE
				coord Coordinate
				{
					point
					[
						-6.900 1.500 -2.000,
						-7.500 1.500 -2.000,
						-6.900 0.800 -2.000,
						-7.500 0.000 -2.000,
						-6.886 0.696 -2.000,
						-6.846 0.600 -2.000,
						-6.500 0.400 -2.000,
						-6.604 0.414 -2.000,
						-6.500 0.000 -2.000,
						-6.700 0.454 -2.000,
						-6.783 0.517 -2.000
					]
				}
				coordIndex
				[
					0, 1, 2, -1,
					2, 1, 3, -1,
					2, 3, 4, -1,
					4, 3, 5, -1,
					6, 7, 8, -1,
					8, 7, 9, -1,
					8, 9, 3, -1,
					3, 9, 10, -1,
					3, 10, 5, -1
				]
				normal Normal
				{
					vector
					[
						-0.000 -0.000 1.000
					]
				}
				normalIndex
				[
					0, 0, 0, -1,
					0, 0, 0, -1,
					0, 0, 0, -1,
					0, 0, 0, -1,
					0, 0, 0, -1,
					0, 0, 0, -1,
					0, 0, 0, -1,
					0, 0, 0, -1,
					0, 0, 0, -1
				]
			}
		}
		Shape
		{
			appearance Appearance
			{
				material Material
				{
					diffuseColor 0.800 0.800 0.800
				}
			}
			geometry IndexedFaceSet
			{
				creaseAngle 0.5
				solid TRUE
				coord Coordinate
				{
					point
					[
						6.900 1.500 -2.000,
						7.500 1.500 -2.000,
						6.900 1.500 -6.600,
						7.500 1.500 -6.600
					]
				}
				coordIndex
				[
					0, 1, 2, -1,
					2, 1, 3, -1
				]
				normal Normal
				{
					vector
					[
						-0.000 1.000 0.000
					]
				}
				normalIndex
				[
					0, 0, 0, -1,
					0, 0, 0, -1
				]
			}
		}
		Shape
		{
			appearance Appearance
			{
				material Material
				{
					diffuseColor 0.800 0.800 0.800
				}
			}
			geometry IndexedFaceSet
			{
				creaseAngle 0.5
				solid TRUE
				coord Coordinate
				{
					point
					[
						9.900 4.900 -6.600,
						9.900 3.400 -6.600,
						11.500 4.900 -6.600,
						11.900 4.500 -6.600,
						11.604 4.886 -6.600,
						11.700 4.846 -6.600,
						9.900 2.000 -6.600,
						7.500 3.400 -6.600,
						7.500 2.000 -6.600,
						7.300 2.750 -6.600,
						7.286 2.646 -6.600,
						7.500 4.900 -6.600,
						6.900 4.900 -6.600,
						6.900 3.150 -6.600,
						7.004 3.136 -6.600,
						7.100 3.096 -6.600,
						7.183 3.033 -6.600,
						7.246 2.950 -6.600,
						7.286 2.854 -6.600,
						7.246 2.550 -6.600,
						7.183 2.467 -6.600,
						7.100 2.404 -6.600,
						7.004 2.364 -6.600,
						6.900 1.500 -6.600,
						7.500 1.500 -6.600,
						6.900 2.350 -6.600,
						9.900 0.000 -6.600,
						11.900 0.000 -6.600,
						11.886 4.604 -6.600,
						11.846 4.700 -6.600,
						11.783 4.783 -6.600
					]
				}
				coordIndex
				[
					0, 1, 2, -1,
					2, 1, 3, -1,
					2, 3, 4, -1,
					4, 3, 5, -1,
					3, 1, 6, -1,
					6, 1, 7, -1,
					6, 7, 8, -1,
					8, 7, 9, -1,
					8, 9, 10, -1,
					11, 12, 7, -1,
					7, 12, 13, -1,
					7, 13, 14, -1,
					14, 15, 7, -1,
					7, 15, 16, -1,
					7, 16, 17, -1,
					17, 18, 7, -1,
					7, 18, 9, -1,
					10, 19, 8, -1,
					8, 19, 20, -1,
					8, 20, 21, -1,
					21, 22, 8, -1,
					8, 22, 23, -1,
					8, 23, 24, -1,
					22, 25, 23, -1,
					26, 27, 6, -1,
					6, 27, 3, -1,
					28, 29, 3, -1,
					3, 29, 30, -1,
					3, 30, 5, -1
				]
				normal Normal
				{
					vector
					[
						0.000 0.000 1.000
					]
				}
				normalIndex
				[
					0, 0, 0, -1,
					0, 0, 0, -1,
					0, 0, 0, -1,
					0, 0, 0, -1,
					0, 0, 0, -1,
					0, 0, 0, -1,
					0, 0, 0, -1,
					0, 0, 0, -1,
					0, 0, 0, -1,
					0, 0, 0, -1,
					0, 0, 0, -1,
					0, 0, 0, -1,
					0, 0, 0, -1,
					0, 0, 0, -1,
					0, 0, 0, -1,
					0, 0, 0, -1,
					0, 0, 0, -1,
					0, 0, 0, -1,
					0, 0, 0, -1,
					0, 0, 0, -1,
					0, 0, 0, -1,
					0, 0, 0, -1,
					0, 0, 0, -1,
					0, 0, 0, -1,
					0, 0, 0, -1,
					0, 0, 0, -1,
					0, 0, 0, -1,
					0, 0, 0, -1,
					0, 0, 0, -1
				]
			}
		}
		Shape
		{
			appearance Appearance
			{
				material Material
				{
					diffuseColor 0.800 0.800 0.800
				}
			}
			geometry IndexedFaceSet
			{
				creaseAngle 0.5
				solid TRUE
				coord Coordinate
				{
					point
					[
						-11.900 0.000 -6.600,
						-9.900 2.000 -6.600,
						-11.900 4.500 -6.600,
						-9.900 3.400 -6.600,
						-11.500 4.900 -6.600,
						-9.900 4.900 -6.600,
						-9.900 0.000 -6.600,
						-7.500 2.000 -6.600,
						-7.500 3.400 -6.600,
						-7.500 1.500 -6.600,
						-6.900 1.500 -6.600,
						-6.900 4.900 -6.600,
						-7.500 4.900 -6.600,
						-11.604 4.886 -6.600,
						-11.700 4.846 -6.600,
						-11.783 4.783 -6.600,
						-11.846 4.700 -6.600,
						-11.886 4.604 -6.600
					]
				}
				coordIndex
				[
					0, 1, 2, -1,
					2, 1, 3, -1,
					2, 3, 4, -1,
					4, 3, 5, -1,
					0, 6, 1, -1,
					1, 7, 3, -1,
					3, 7, 8, -1,
					9, 10, 7, -1,
					7, 10, 8, -1,
					10, 11, 8, -1,
					8, 11, 12, -1,
					4, 13, 2, -1,
					2, 13, 14, -1,
					2, 14, 15, -1,
					15, 16, 2, -1,
					2, 16, 17, -1
				]
				normal Normal
				{
					vector
					[
						0.000 0.000 1.000
					]
				}
				normalIndex
				[
					0, 0, 0, -1,
					0, 0, 0, -1,
					0, 0, 0, -1,
					0, 0, 0, -1,
					0, 0, 0, -1,
					0, 0, 0, -1,
					0, 0, 0, -1,
					0, 0, 0, -1,
					0, 0, 0, -1,
					0, 0, 0, -1,
					0, 0, 0, -1,
					0, 0, 0, -1,
					0, 0, 0, -1,
					0, 0, 0, -1,
					0, 0, 0, -1,
					0, 0, 0, -1
				]
			}
		}
		Shape
		{
			appearance Appearance
			{
				material Material
				{
					diffuseColor 0.800 0.800 0.800
				}
			}
			geometry IndexedFaceSet
			{
				creaseAngle 0.5
				solid TRUE
				coord Coordinate
				{
					point
					[
						11.500 4.900 -12.800,
						11.500 4.900 -6.600,
						11.604 4.886 -12.800,
						11.604 4.886 -6.600,
						11.700 4.846 -6.600,
						11.700 4.846 -12.800,
						11.783 4.783 -6.600,
						11.783 4.783 -12.800,
						11.846 4.700 -6.600,
						11.846 4.700 -12.800,
						11.886 4.604 -12.800,
						11.886 4.604 -6.600,
						11.900 4.500 -6.600,
						11.900 4.500 -12.800
					]
				}
				coordIndex
				[
					0, 1, 2, -1,
					2, 1, 3, -1,
					2, 3, 4, -1,
					2, 4, 5, -1,
					5, 4, 6, -1,
					5, 6, 7, -1,
					7, 6, 8, -1,
					7, 8, 9, -1,
					9, 8, 10, -1,
					8, 11, 10, -1,
					10, 11, 12, -1,
					10, 12, 13, -1
				]
				normal Normal
				{
					vector
					[
						0.000 1.000 0.000,
						0.259 0.966 0.000,
						0.500 0.866 0.000,
						0.707 0.707 0.000,
						0.866 0.500 0.000,
						0.966 0.259 0.000,
						1.000 0.000 0.000
					]
				}
				normalIndex
				[
					0, 0, 1, -1,
					1, 0, 1, -1,
					1, 1, 2, -1,
					1, 2, 2, -1,
					2, 2, 3, -1,
					2, 3, 3, -1,
					3, 3, 4, -1,
					3, 4, 4, -1,
					4, 4, 5, -1,
					4, 5, 5, -1,
					5, 5, 6, -1,
					5, 6, 6, -1
				]
			}
		}
		Shape
		{
			appearance Appearance
			{
				material Material
				{
					diffuseColor 0.800 0.800 0.800
				}
			}
			geometry IndexedFaceSet
			{
				creaseAngle 0.5
				solid TRUE
				coord Coordinate
				{
					point
					[
						8.389 4.900 -10.859,
						8.700 4.900 -10.900,
						6.900 4.900 -12.800,
						9.011 4.900 -10.859,
						11.500 4.900 -12.800,
						9.300 4.900 -10.739,
						9.549 4.900 -10.549,
						6.900 4.900 -6.600,
						7.500 4.900 -9.700,
						7.541 4.900 -10.011,
						7.661 4.900 -10.300,
						7.500 4.900 -6.600,
						7.851 4.900 -10.549,
						8.100 4.900 -10.739,
						9.739 4.900 -10.300,
						9.859 4.900 -10.011,
						9.900 4.900 -9.700,
						9.900 4.900 -6.600,
						11.500 4.900 -6.600
					]
				}
				coordIndex
				[
					0, 1, 2, -1,
					2, 1, 3, -1,
					2, 3, 4, -1,
					4, 3, 5, -1,
					4, 5, 6, -1,
					7, 8, 2, -1,
					2, 8, 9, -1,
					2, 9, 10, -1,
					7, 11, 8, -1,
					10, 12, 2, -1,
					2, 12, 13, -1,
					2, 13, 0, -1,
					6, 14, 4, -1,
					4, 14, 15, -1,
					4, 15, 16, -1,
					17, 18, 16, -1,
					16, 18, 4, -1
				]
				normal Normal
				{
					vector
					[
						-0.000 1.000 0.000
					]
				}
				normalIndex
				[
					0, 0, 0, -1,
					0, 0, 0, -1,
					0, 0, 0, -1,
					0, 0, 0, -1,
					0, 0, 0, -1,
					0, 0, 0, -1,
					0, 0, 0, -1,
					0, 0, 0, -1,
					0, 0, 0, -1,
					0, 0, 0, -1,
					0, 0, 0, -1,
					0, 0, 0, -1,
					0, 0, 0, -1,
					0, 0, 0, -1,
					0, 0, 0, -1,
					0, 0, 0, -1,
					0, 0, 0, -1
				]
			}
		}
		Shape
		{
			appearance Appearance
			{
				material Material
				{
					diffuseColor 0.800 0.800 0.800
				}
			}
			geometry IndexedFaceSet
			{
				creaseAngle 0.5
				solid TRUE
				coord Coordinate
				{
					point
					[
						9.900 4.900 -9.700,
						9.900 3.400 -9.700,
						9.900 4.900 -6.600,
						9.900 3.400 -6.600
					]
				}
				coordIndex
				[
					0, 1, 2, -1,
					2, 1, 3, -1
				]
				normal Normal
				{
					vector
					[
						-1.000 -0.000 -0.000
					]
				}
				normalIndex
				[
					0, 0, 0, -1,
					0, 0, 0, -1
				]
			}
		}
		Shape
		{
			appearance Appearance
			{
				material Material
				{
					diffuseColor 0.800 0.800 0.800
				}
			}
			geometry IndexedFaceSet
			{
				creaseAngle 0.5
				solid TRUE
				coord Coordinate
				{
					point
					[
						9.900 3.400 -9.700,
						9.859 3.400 -9.389,
						9.900 3.400 -6.600,
						9.739 3.400 -9.100,
						9.549 3.400 -8.851,
						9.300 3.400 -8.661,
						9.011 3.400 -8.541,
						8.700 3.400 -8.500,
						7.500 3.400 -6.600,
						8.389 3.400 -8.541,
						8.100 3.400 -8.661,
						7.851 3.400 -8.851,
						7.661 3.400 -9.100,
						7.541 3.400 -9.389,
						7.500 3.400 -9.700
					]
				}
				coordIndex
				[
					0, 1, 2, -1,
					2, 1, 3, -1,
					2, 3, 4, -1,
					4, 5, 2, -1,
					2, 5, 6, -1,
					2, 6, 7, -1,
					2, 7, 8, -1,
					8, 7, 9, -1,
					8, 9, 10, -1,
					10, 11, 8, -1,
					8, 11, 12, -1,
					8, 12, 13, -1,
					13, 14, 8, -1
				]
				normal Normal
				{
					vector
					[
						-0.000 1.000 0.000
					]
				}
				normalIndex
				[
					0, 0, 0, -1,
					0, 0, 0, -1,
					0, 0, 0, -1,
					0, 0, 0, -1,
					0, 0, 0, -1,
					0, 0, 0, -1,
					0, 0, 0, -1,
					0, 0, 0, -1,
					0, 0, 0, -1,
					0, 0, 0, -1,
					0, 0, 0, -1,
					0, 0, 0, -1,
					0, 0, 0, -1
				]
			}
		}
		Shape
		{
			appearance Appearance
			{
				material Material
				{
					diffuseColor 0.800 0.800 0.800
				}
			}
			geometry IndexedFaceSet
			{
				creaseAngle 0.5
				solid TRUE
				coord Coordinate
				{
					point
					[
						-7.500 3.400 -9.700,
						-7.541 3.400 -9.389,
						-7.500 3.400 -6.600,
						-7.661 3.400 -9.100,
						-7.851 3.400 -8.851,
						-8.100 3.400 -8.661,
						-8.389 3.400 -8.541,
						-8.700 3.400 -8.500,
						-9.900 3.400 -6.600,
						-9.011 3.400 -8.541,
						-9.300 3.400 -8.661,
						-9.549 3.400 -8.851,
						-9.739 3.400 -9.100,
						-9.859 3.400 -9.389,
						-9.900 3.400 -9.700
					]
				}
				coordIndex
				[
					0, 1, 2, -1,
					2, 1, 3, -1,
					2, 3, 4, -1,
					4, 5, 2, -1,
					2, 5, 6, -1,
					2, 6, 7, -1,
					2, 7, 8, -1,
					8, 7, 9, -1,
					8, 9, 10, -1,
					10, 11, 8, -1,
					8, 11, 12, -1,
					8, 12, 13, -1,
					13, 14, 8, -1
				]
				normal Normal
				{
					vector
					[
						-0.000 1.000 0.000
					]
				}
				normalIndex
				[
					0, 0, 0, -1,
					0, 0, 0, -1,
					0, 0, 0, -1,
					0, 0, 0, -1,
					0, 0, 0, -1,
					0, 0, 0, -1,
					0, 0, 0, -1,
					0, 0, 0, -1,
					0, 0, 0, -1,
					0, 0, 0, -1,
					0, 0, 0, -1,
					0, 0, 0, -1,
					0, 0, 0, -1
				]
			}
		}
		Shape
		{
			appearance Appearance
			{
				material Material
				{
					diffuseColor 0.800 0.800 0.800
				}
			}
			geometry IndexedFaceSet
			{
				creaseAngle 0.5
				solid TRUE
				coord Coordinate
				{
					point
					[
						7.500 3.400 -6.600,
						7.500 3.400 -9.700,
						7.500 4.900 -6.600,
						7.500 4.900 -9.700
					]
				}
				coordIndex
				[
					0, 1, 2, -1,
					2, 1, 3, -1
				]
				normal Normal
				{
					vector
					[
						1.000 -0.000 -0.000
					]
				}
				normalIndex
				[
					0, 0, 0, -1,
					0, 0, 0, -1
				]
			}
		}
		Shape
		{
			appearance Appearance
			{
				material Material
				{
					diffuseColor 0.800 0.800 0.800
				}
			}
			geometry IndexedFaceSet
			{
				creaseAngle 0.5
				solid TRUE
				coord Coordinate
				{
					point
					[
						7.500 0.000 -9.700,
						7.541 0.000 -10.011,
						7.500 2.000 -9.700,
						7.541 4.900 -10.011,
						7.500 3.400 -9.700,
						7.500 4.900 -9.700,
						7.661 4.900 -10.300,
						7.661 0.000 -10.300,
						7.851 0.000 -10.549,
						7.851 4.900 -10.549,
						8.100 0.000 -10.739,
						8.100 4.900 -10.739,
						8.389 0.000 -10.859,
						8.389 4.900 -10.859,
						8.700 4.900 -10.900,
						8.700 0.000 -10.900,
						9.011 0.000 -10.859,
						9.011 4.900 -10.859,
						9.300 0.000 -10.739,
						9.300 4.900 -10.739,
						9.549 4.900 -10.549,
						9.549 0.000 -10.549,
						9.739 0.000 -10.300,
						9.739 4.900 -10.300,
						9.859 0.000 -10.011,
						9.859 4.900 -10.011,
						9.900 2.000 -9.700,
						9.900 3.400 -9.700,
						9.900 0.000 -9.700,
						9.900 4.900 -9.700
					]
				}
				coordIndex
				[
					0, 1, 2, -1,
					2, 1, 3, -1,
					2, 3, 4, -1,
					4, 3, 5, -1,
					3, 1, 6, -1,
					6, 1, 7, -1,
					6, 7, 8, -1,
					6, 8, 9, -1,
					9, 8, 10, -1,
					9, 10, 11, -1,
					11, 10, 12, -1,
					11, 12, 13, -1,
					13, 12, 14, -1,
					12, 15, 14, -1,
					14, 15, 16, -1,
					14, 16, 17, -1,
					17, 16, 18, -1,
					17, 18, 19, -1,
					19, 18, 20, -1,
					18, 21, 20, -1,
					20, 21, 22, -1,
					20, 22, 23, -1,
					23, 22, 24, -1,
					23, 24, 25, -1,
					25, 24, 26, -1,
					25, 26, 27, -1,
					24, 28, 26, -1,
					27, 29, 25, -1
				]
				normal Normal
				{
					vector
					[
						1.000 -0.000 -0.000,
						0.966 -0.000 0.259,
						0.866 -0.000 0.500,
						0.707 -0.000 0.707,
						0.500 -0.000 0.866,
						0.259 -0.000 0.966,
						-0.000 -0.000 1.000,
						-0.259 -0.000 0.966,
						-0.500 -0.000 0.866,
						-0.707 -0.000 0.707,
						-0.866 -0.000 0.500,
						-0.966 0.000 0.259,
						-0.966 -0.000 0.259,
						-1.000 -0.000 -0.000
					]
				}
				normalIndex
				[
					0, 1, 0, -1,
					0, 1, 1, -1,
					0, 1, 0, -1,
					0, 1, 0, -1,
					1, 1, 2, -1,
					2, 1, 2, -1,
					2, 2, 3, -1,
					2, 3, 3, -1,
					3, 3, 4, -1,
					3, 4, 4, -1,
					4, 4, 5, -1,
					4, 5, 5, -1,
					5, 5, 6, -1,
					5, 6, 6, -1,
					6, 6, 7, -1,
					6, 7, 7, -1,
					7, 7, 8, -1,
					7, 8, 8, -1,
					8, 8, 9, -1,
					8, 9, 9, -1,
					9, 9, 10, -1,
					9, 10, 10, -1,
					10, 10, 11, -1,
					10, 11, 12, -1,
					12, 11, 13, -1,
					12, 13, 13, -1,
					11, 13, 13, -1,
					13, 13, 12, -1
				]
			}
		}
		Shape
		{
			appearance Appearance
			{
				material Material
				{
					diffuseColor 0.800 0.800 0.800
				}
			}
			geometry IndexedFaceSet
			{
				creaseAngle 0.5
				solid TRUE
				coord Coordinate
				{
					point
					[
						7.500 0.000 -2.000,
						7.500 0.000 -9.700,
						7.500 1.500 -6.600,
						7.500 2.000 -9.700,
						7.500 2.000 -6.600,
						7.500 1.500 -2.000
					]
				}
				coordIndex
				[
					0, 1, 2, -1,
					2, 1, 3, -1,
					2, 3, 4, -1,
					2, 5, 0, -1
				]
				normal Normal
				{
					vector
					[
						1.000 -0.000 -0.000
					]
				}
				normalIndex
				[
					0, 0, 0, -1,
					0, 0, 0, -1,
					0, 0, 0, -1,
					0, 0, 0, -1
				]
			}
		}
		Shape
		{
			appearance Appearance
			{
				material Material
				{
					diffuseColor 0.800 0.800 0.800
				}
			}
			geometry IndexedFaceSet
			{
				creaseAngle 0.5
				solid TRUE
				coord Coordinate
				{
					point
					[
						9.300 0.000 -10.739,
						9.011 0.000 -10.859,
						11.900 0.000 -12.800,
						8.700 0.000 -10.900,
						6.500 0.000 -12.800,
						8.389 0.000 -10.859,
						8.100 0.000 -10.739,
						11.900 0.000 -6.600,
						9.900 0.000 -9.700,
						9.859 0.000 -10.011,
						9.739 0.000 -10.300,
						9.900 0.000 -6.600,
						9.549 0.000 -10.549,
						7.851 0.000 -10.549,
						7.661 0.000 -10.300,
						7.541 0.000 -10.011,
						7.500 0.000 -9.700,
						6.500 0.000 -2.000,
						7.500 0.000 -2.000
					]
				}
				coordIndex
				[
					0, 1, 2, -1,
					2, 1, 3, -1,
					2, 3, 4, -1,
					4, 3, 5, -1,
					4, 5, 6, -1,
					7, 8, 2, -1,
					2, 8, 9, -1,
					2, 9, 10, -1,
					7, 11, 8, -1,
					10, 12, 2, -1,
					2, 12, 0, -1,
					6, 13, 4, -1,
					4, 13, 14, -1,
					4, 14, 15, -1,
					15, 16, 4, -1,
					4, 16, 17, -1,
					16, 18, 17, -1
				]
				normal Normal
				{
					vector
					[
						0.000 -1.000 0.000
					]
				}
				normalIndex
				[
					0, 0, 0, -1,
					0, 0, 0, -1,
					0, 0, 0, -1,
					0, 0, 0, -1,
					0, 0, 0, -1,
					0, 0, 0, -1,
					0, 0, 0, -1,
					0, 0, 0, -1,
					0, 0, 0, -1,
					0, 0, 0, -1,
					0, 0, 0, -1,
					0, 0, 0, -1,
					0, 0, 0, -1,
					0, 0, 0, -1,
					0, 0, 0, -1,
					0, 0, 0, -1,
					0, 0, 0, -1
				]
			}
		}
		Shape
		{
			appearance Appearance
			{
				material Material
				{
					diffuseColor 0.800 0.800 0.800
				}
			}
			geometry IndexedFaceSet
			{
				creaseAngle 0.5
				solid TRUE
				coord Coordinate
				{
					point
					[
						9.900 2.000 -9.700,
						9.900 0.000 -9.700,
						9.900 2.000 -6.600,
						9.900 0.000 -6.600
					]
				}
				coordIndex
				[
					0, 1, 2, -1,
					2, 1, 3, -1
				]
				normal Normal
				{
					vector
					[
						-1.000 -0.000 -0.000
					]
				}
				normalIndex
				[
					0, 0, 0, -1,
					0, 0, 0, -1
				]
			}
		}
		Shape
		{
			appearance Appearance
			{
				material Material
				{
					diffuseColor 0.800 0.800 0.800
				}
			}
			geometry IndexedFaceSet
			{
				creaseAngle 0.5
				solid TRUE
				coord Coordinate
				{
					point
					[
						7.500 2.000 -9.700,
						7.541 2.000 -9.389,
						7.500 2.000 -6.600,
						7.661 2.000 -9.100,
						7.851 2.000 -8.851,
						8.100 2.000 -8.661,
						8.389 2.000 -8.541,
						8.700 2.000 -8.500,
						9.900 2.000 -6.600,
						9.011 2.000 -8.541,
						9.300 2.000 -8.661,
						9.549 2.000 -8.851,
						9.739 2.000 -9.100,
						9.859 2.000 -9.389,
						9.900 2.000 -9.700
					]
				}
				coordIndex
				[
					0, 1, 2, -1,
					2, 1, 3, -1,
					2, 3, 4, -1,
					4, 5, 2, -1,
					2, 5, 6, -1,
					2, 6, 7, -1,
					2, 7, 8, -1,
					8, 7, 9, -1,
					8, 9, 10, -1,
					10, 11, 8, -1,
					8, 11, 12, -1,
					8, 12, 13, -1,
					13, 14, 8, -1
				]
				normal Normal
				{
					vector
					[
						0.000 -1.000 -0.000
					]
				}
				normalIndex
				[
					0, 0, 0, -1,
					0, 0, 0, -1,
					0, 0, 0, -1,
					0, 0, 0, -1,
					0, 0, 0, -1,
					0, 0, 0, -1,
					0, 0, 0, -1,
					0, 0, 0, -1,
					0, 0, 0, -1,
					0, 0, 0, -1,
					0, 0, 0, -1,
					0, 0, 0, -1,
					0, 0, 0, -1
				]
			}
		}
		Shape
		{
			appearance Appearance
			{
				material Material
				{
					diffuseColor 0.800 0.800 0.800
				}
			}
			geometry IndexedFaceSet
			{
				creaseAngle 0.5
				solid TRUE
				coord Coordinate
				{
					point
					[
						-9.900 2.000 -9.700,
						-9.859 2.000 -9.389,
						-9.900 2.000 -6.600,
						-9.739 2.000 -9.100,
						-9.549 2.000 -8.851,
						-9.300 2.000 -8.661,
						-9.011 2.000 -8.541,
						-8.700 2.000 -8.500,
						-7.500 2.000 -6.600,
						-8.389 2.000 -8.541,
						-8.100 2.000 -8.661,
						-7.851 2.000 -8.851,
						-7.661 2.000 -9.100,
						-7.541 2.000 -9.389,
						-7.500 2.000 -9.700
					]
				}
				coordIndex
				[
					0, 1, 2, -1,
					2, 1, 3, -1,
					2, 3, 4, -1,
					4, 5, 2, -1,
					2, 5, 6, -1,
					2, 6, 7, -1,
					2, 7, 8, -1,
					8, 7, 9, -1,
					8, 9, 10, -1,
					10, 11, 8, -1,
					8, 11, 12, -1,
					8, 12, 13, -1,
					13, 14, 8, -1
				]
				normal Normal
				{
					vector
					[
						0.000 -1.000 -0.000
					]
				}
				normalIndex
				[
					0, 0, 0, -1,
					0, 0, 0, -1,
					0, 0, 0, -1,
					0, 0, 0, -1,
					0, 0, 0, -1,
					0, 0, 0, -1,
					0, 0, 0, -1,
					0, 0, 0, -1,
					0, 0, 0, -1,
					0, 0, 0, -1,
					0, 0, 0, -1,
					0, 0, 0, -1,
					0, 0, 0, -1
				]
			}
		}
		Shape
		{
			appearance Appearance
			{
				material Material
				{
					diffuseColor 0.800 0.800 0.800
				}
			}
			geometry IndexedFaceSet
			{
				creaseAngle 0.5
				solid TRUE
				coord Coordinate
				{
					point
					[
						7.500 3.400 -9.700,
						7.541 3.400 -9.389,
						7.500 2.000 -9.700,
						7.541 2.000 -9.389,
						7.661 2.000 -9.100,
						7.661 3.400 -9.100,
						7.851 3.400 -8.851,
						7.851 2.000 -8.851,
						8.100 3.400 -8.661,
						8.100 2.000 -8.661,
						8.389 3.400 -8.541,
						8.389 2.000 -8.541,
						8.700 2.000 -8.500,
						8.700 3.400 -8.500,
						9.011 3.400 -8.541,
						9.011 2.000 -8.541,
						9.300 3.400 -8.661,
						9.300 2.000 -8.661,
						9.549 2.000 -8.851,
						9.549 3.400 -8.851,
						9.739 3.400 -9.100,
						9.739 2.000 -9.100,
						9.859 3.400 -9.389,
						9.859 2.000 -9.389,
						9.900 2.000 -9.700,
						9.900 3.400 -9.700
					]
				}
				coordIndex
				[
					0, 1, 2, -1,
					2, 1, 3, -1,
					3, 1, 4, -1,
					4, 1, 5, -1,
					4, 5, 6, -1,
					4, 6, 7, -1,
					7, 6, 8, -1,
					7, 8, 9, -1,
					9, 8, 10, -1,
					9, 10, 11, -1,
					11, 10, 12, -1,
					10, 13, 12, -1,
					12, 13, 14, -1,
					12, 14, 15, -1,
					15, 14, 16, -1,
					15, 16, 17, -1,
					17, 16, 18, -1,
					16, 19, 18, -1,
					18, 19, 20, -1,
					18, 20, 21, -1,
					21, 20, 22, -1,
					21, 22, 23, -1,
					23, 22, 24, -1,
					22, 25, 24, -1
				]
				normal Normal
				{
					vector
					[
						1.000 -0.000 -0.000,
						0.966 -0.000 -0.259,
						0.866 -0.000 -0.500,
						0.707 -0.000 -0.707,
						0.500 -0.000 -0.866,
						0.259 -0.000 -0.966,
						-0.000 -0.000 -1.000,
						-0.259 -0.000 -0.966,
						-0.500 -0.000 -0.866,
						-0.707 -0.000 -0.707,
						-0.866 -0.000 -0.500,
						-0.966 -0.000 -0.259,
						-1.000 -0.000 -0.000
					]
				}
				normalIndex
				[
					0, 1, 0, -1,
					0, 1, 1, -1,
					1, 1, 2, -1,
					2, 1, 2, -1,
					2, 2, 3, -1,
					2, 3, 3, -1,
					3, 3, 4, -1,
					3, 4, 4, -1,
					4, 4, 5, -1,
					4, 5, 5, -1,
					5, 5, 6, -1,
					5, 6, 6, -1,
					6, 6, 7, -1,
					6, 7, 7, -1,
					7, 7, 8, -1,
					7, 8, 8, -1,
					8, 8, 9, -1,
					8, 9, 9, -1,
					9, 9, 10, -1,
					9, 10, 10, -1,
					10, 10, 11, -1,
					10, 11, 11, -1,
					11, 11, 12, -1,
					11, 12, 12, -1
				]
			}
		}
		Shape
		{
			appearance Appearance
			{
				material Material
				{
					diffuseColor 0.800 0.800 0.800
				}
			}
			geometry IndexedFaceSet
			{
				creaseAngle 0.5
				solid TRUE
				coord Coordinate
				{
					point
					[
						-7.500 2.000 -6.600,
						-7.500 2.000 -9.700,
						-7.500 1.500 -6.600,
						-7.500 0.000 -9.700,
						-7.500 0.000 -2.000,
						-7.500 1.500 -2.000
					]
				}
				coordIndex
				[
					0, 1, 2, -1,
					2, 1, 3, -1,
					2, 3, 4, -1,
					4, 5, 2, -1
				]
				normal Normal
				{
					vector
					[
						-1.000 -0.000 -0.000
					]
				}
				normalIndex
				[
					0, 0, 0, -1,
					0, 0, 0, -1,
					0, 0, 0, -1,
					0, 0, 0, -1
				]
			}
		}
		Shape
		{
			appearance Appearance
			{
				material Material
				{
					diffuseColor 0.800 0.800 0.800
				}
			}
			geometry IndexedFaceSet
			{
				creaseAngle 0.5
				solid TRUE
				coord Coordinate
				{
					point
					[
						-6.900 1.500 -6.600,
						-7.500 1.500 -6.600,
						-6.900 1.500 -2.000,
						-7.500 1.500 -2.000
					]
				}
				coordIndex
				[
					0, 1, 2, -1,
					2, 1, 3, -1
				]
				normal Normal
				{
					vector
					[
						-0.000 1.000 0.000
					]
				}
				normalIndex
				[
					0, 0, 0, -1,
					0, 0, 0, -1
				]
			}
		}
		Shape
		{
			appearance Appearance
			{
				material Material
				{
					diffuseColor 0.800 0.800 0.800
				}
			}
			geometry IndexedFaceSet
			{
				creaseAngle 0.5
				solid TRUE
				coord Coordinate
				{
					point
					[
						-6.900 4.900 -12.800,
						-6.900 4.900 -6.600,
						-6.900 9.600 -12.800,
						-6.900 9.600 0.000,
						-6.900 1.500 -6.600,
						-6.900 1.500 -2.000,
						-6.900 0.800 -2.000,
						-6.900 0.800 0.000
					]
				}
				coordIndex
				[
					0, 1, 2, -1,
					2, 1, 3, -1,
					4, 5, 1, -1,
					1, 5, 3, -1,
					6, 7, 5, -1,
					5, 7, 3, -1
				]
				normal Normal
				{
					vector
					[
						-1.000 0.000 0.000
					]
				}
				normalIndex
				[
					0, 0, 0, -1,
					0, 0, 0, -1,
					0, 0, 0, -1,
					0, 0, 0, -1,
					0, 0, 0, -1,
					0, 0, 0, -1
				]
			}
		}
		Shape
		{
			appearance Appearance
			{
				material Material
				{
					diffuseColor 0.800 0.800 0.800
				}
			}
			geometry IndexedFaceSet
			{
				creaseAngle 0.5
				solid TRUE
				coord Coordinate
				{
					point
					[
						-6.500 10.000 0.000,
						-6.500 10.000 -12.800,
						-6.604 9.986 0.000,
						-6.604 9.986 -12.800,
						-6.700 9.946 -12.800,
						-6.700 9.946 0.000,
						-6.783 9.883 -12.800,
						-6.783 9.883 0.000,
						-6.846 9.800 -12.800,
						-6.846 9.800 0.000,
						-6.886 9.704 0.000,
						-6.886 9.704 -12.800,
						-6.900 9.600 -12.800,
						-6.900 9.600 0.000
					]
				}
				coordIndex
				[
					0, 1, 2, -1,
					2, 1, 3, -1,
					2, 3, 4, -1,
					2, 4, 5, -1,
					5, 4, 6, -1,
					5, 6, 7, -1,
					7, 6, 8, -1,
					7, 8, 9, -1,
					9, 8, 10, -1,
					8, 11, 10, -1,
					10, 11, 12, -1,
					10, 12, 13, -1
				]
				normal Normal
				{
					vector
					[
						0.000 1.000 0.000,
						-0.259 0.966 0.000,
						-0.500 0.866 0.000,
						-0.707 0.707 0.000,
						-0.866 0.500 0.000,
						-0.966 0.259 0.000,
						-1.000 0.000 0.000
					]
				}
				normalIndex
				[
					0, 0, 1, -1,
					1, 0, 1, -1,
					1, 1, 2, -1,
					1, 2, 2, -1,
					2, 2, 3, -1,
					2, 3, 3, -1,
					3, 3, 4, -1,
					3, 4, 4, -1,
					4, 4, 5, -1,
					4, 5, 5, -1,
					5, 5, 6, -1,
					5, 6, 6, -1
				]
			}
		}
		Shape
		{
			appearance Appearance
			{
				material Material
				{
					diffuseColor 0.800 0.800 0.800
				}
			}
			geometry IndexedFaceSet
			{
				creaseAngle 0.5
				solid TRUE
				coord Coordinate
				{
					point
					[
						6.500 10.000 0.000,
						6.500 10.000 -12.800,
						1.700 10.000 -3.050,
						-6.500 10.000 -12.800,
						-1.700 10.000 -3.050,
						-6.500 10.000 0.000,
						-1.700 10.000 0.000,
						1.700 10.000 0.000
					]
				}
				coordIndex
				[
					0, 1, 2, -1,
					2, 1, 3, -1,
					2, 3, 4, -1,
					4, 3, 5, -1,
					4, 5, 6, -1,
					2, 7, 0, -1
				]
				normal Normal
				{
					vector
					[
						-0.000 1.000 0.000
					]
				}
				normalIndex
				[
					0, 0, 0, -1,
					0, 0, 0, -1,
					0, 0, 0, -1,
					0, 0, 0, -1,
					0, 0, 0, -1,
					0, 0, 0, -1
				]
			}
		}
		Shape
		{
			appearance Appearance
			{
				material Material
				{
					diffuseColor 0.800 0.800 0.800
				}
			}
			geometry IndexedFaceSet
			{
				creaseAngle 0.5
				solid TRUE
				coord Coordinate
				{
					point
					[
						1.700 11.400 -3.172,
						1.700 11.400 -2.350,
						1.700 10.000 -3.050,
						1.700 10.000 0.000
					]
				}
				coordIndex
				[
					0, 1, 2, -1,
					2, 1, 3, -1
				]
				normal Normal
				{
					vector
					[
						1.000 0.000 0.000
					]
				}
				normalIndex
				[
					0, 0, 0, -1,
					0, 0, 0, -1
				]
			}
		}
		Shape
		{
			appearance Appearance
			{
				material Material
				{
					diffuseColor 0.800 0.800 0.800
				}
			}
			geometry IndexedFaceSet
			{
				creaseAngle 0.5
				solid TRUE
				coord Coordinate
				{
					point
					[
						1.700 11.400 -2.350,
						-1.700 11.400 -2.350,
						1.700 10.000 0.000,
						-1.700 10.000 0.000
					]
				}
				coordIndex
				[
					0, 1, 2, -1,
					2, 1, 3, -1
				]
				normal Normal
				{
					vector
					[
						0.000 0.859 0.512
					]
				}
				normalIndex
				[
					0, 0, 0, -1,
					0, 0, 0, -1
				]
			}
		}
		Shape
		{
			appearance Appearance
			{
				material Material
				{
					diffuseColor 0.800 0.800 0.800
				}
			}
			geometry IndexedFaceSet
			{
				creaseAngle 0.5
				solid TRUE
				coord Coordinate
				{
					point
					[
						-1.700 10.000 0.000,
						-1.700 11.400 -2.350,
						-1.700 10.000 -3.050,
						-1.700 11.400 -3.172
					]
				}
				coordIndex
				[
					0, 1, 2, -1,
					2, 1, 3, -1
				]
				normal Normal
				{
					vector
					[
						-1.000 -0.000 -0.000
					]
				}
				normalIndex
				[
					0, 0, 0, -1,
					0, 0, 0, -1
				]
			}
		}
		Shape
		{
			appearance Appearance
			{
				material Material
				{
					diffuseColor 0.800 0.800 0.800
				}
			}
			geometry IndexedFaceSet
			{
				creaseAngle 0.5
				solid TRUE
				coord Coordinate
				{
					point
					[
						-1.700 10.000 -3.050,
						-1.700 11.400 -3.172,
						1.700 10.000 -3.050,
						1.700 11.400 -3.172
					]
				}
				coordIndex
				[
					0, 1, 2, -1,
					2, 1, 3, -1
				]
				normal Normal
				{
					vector
					[
						0.000 -0.087 -0.996
					]
				}
				normalIndex
				[
					0, 0, 0, -1,
					0, 0, 0, -1
				]
			}
		}
		Shape
		{
			appearance Appearance
			{
				material Material
				{
					diffuseColor 0.800 0.800 0.800
				}
			}
			geometry IndexedFaceSet
			{
				creaseAngle 0.5
				solid TRUE
				coord Coordinate
				{
					point
					[
						-1.700 11.400 -2.350,
						1.700 11.400 -2.350,
						-1.700 11.400 -3.172,
						1.700 11.400 -3.172
					]
				}
				coordIndex
				[
					0, 1, 2, -1,
					2, 1, 3, -1
				]
				normal Normal
				{
					vector
					[
						-0.000 1.000 0.000
					]
				}
				normalIndex
				[
					0, 0, 0, -1,
					0, 0, 0, -1
				]
			}
		}
		Shape
		{
			appearance Appearance
			{
				material Material
				{
					diffuseColor 0.800 0.800 0.800
				}
			}
			geometry IndexedFaceSet
			{
				creaseAngle 0.5
				solid TRUE
				coord Coordinate
				{
					point
					[
						-6.900 0.800 0.000,
						-6.900 0.800 -2.000,
						-6.886 0.696 0.000,
						-6.886 0.696 -2.000,
						-6.846 0.600 -2.000,
						-6.846 0.600 0.000,
						-6.783 0.517 -2.000,
						-6.783 0.517 0.000,
						-6.700 0.454 -2.000,
						-6.700 0.454 0.000,
						-6.604 0.414 0.000,
						-6.604 0.414 -2.000,
						-6.500 0.400 -2.000,
						-6.500 0.400 0.000
					]
				}
				coordIndex
				[
					0, 1, 2, -1,
					2, 1, 3, -1,
					2, 3, 4, -1,
					2, 4, 5, -1,
					5, 4, 6, -1,
					5, 6, 7, -1,
					7, 6, 8, -1,
					7, 8, 9, -1,
					9, 8, 10, -1,
					8, 11, 10, -1,
					10, 11, 12, -1,
					10, 12, 13, -1
				]
				normal Normal
				{
					vector
					[
						-1.000 0.000 0.000,
						-0.966 -0.259 0.000,
						-0.866 -0.500 0.000,
						-0.707 -0.707 0.000,
						-0.500 -0.866 0.000,
						-0.259 -0.966 0.000,
						0.000 -1.000 0.000
					]
				}
				normalIndex
				[
					0, 0, 1, -1,
					1, 0, 1, -1,
					1, 1, 2, -1,
					1, 2, 2, -1,
					2, 2, 3, -1,
					2, 3, 3, -1,
					3, 3, 4, -1,
					3, 4, 4, -1,
					4, 4, 5, -1,
					4, 5, 5, -1,
					5, 5, 6, -1,
					5, 6, 6, -1
				]
			}
		}
		Shape
		{
			appearance Appearance
			{
				material Material
				{
					diffuseColor 0.800 0.800 0.800
				}
			}
			geometry IndexedFaceSet
			{
				creaseAngle 0.5
				solid TRUE
				coord Coordinate
				{
					point
					[
						-9.900 4.900 -6.600,
						-9.900 4.900 -9.700,
						-11.500 4.900 -6.600,
						-11.500 4.900 -12.800,
						-9.859 4.900 -10.011,
						-9.739 4.900 -10.300,
						-9.549 4.900 -10.549,
						-9.300 4.900 -10.739,
						-9.011 4.900 -10.859,
						-6.900 4.900 -12.800,
						-8.700 4.900 -10.900,
						-8.389 4.900 -10.859,
						-8.100 4.900 -10.739,
						-7.851 4.900 -10.549,
						-7.661 4.900 -10.300,
						-7.541 4.900 -10.011,
						-7.500 4.900 -9.700,
						-6.900 4.900 -6.600,
						-7.500 4.900 -6.600
					]
				}
				coordIndex
				[
					0, 1, 2, -1,
					2, 1, 3, -1,
					1, 4, 3, -1,
					3, 4, 5, -1,
					3, 5, 6, -1,
					6, 7, 3, -1,
					3, 7, 8, -1,
					3, 8, 9, -1,
					9, 8, 10, -1,
					9, 10, 11, -1,
					11, 12, 9, -1,
					9, 12, 13, -1,
					9, 13, 14, -1,
					14, 15, 9, -1,
					9, 15, 16, -1,
					9, 16, 17, -1,
					17, 16, 18, -1
				]
				normal Normal
				{
					vector
					[
						-0.000 1.000 0.000
					]
				}
				normalIndex
				[
					0, 0, 0, -1,
					0, 0, 0, -1,
					0, 0, 0, -1,
					0, 0, 0, -1,
					0, 0, 0, -1,
					0, 0, 0, -1,
					0, 0, 0, -1,
					0, 0, 0, -1,
					0, 0, 0, -1,
					0, 0, 0, -1,
					0, 0, 0, -1,
					0, 0, 0, -1,
					0, 0, 0, -1,
					0, 0, 0, -1,
					0, 0, 0, -1,
					0, 0, 0, -1,
					0, 0, 0, -1
				]
			}
		}
		Shape
		{
			appearance Appearance
			{
				material Material
				{
					diffuseColor 0.800 0.800 0.800
				}
			}
			geometry IndexedFaceSet
			{
				creaseAngle 0.5
				solid TRUE
				coord Coordinate
				{
					point
					[
						-11.900 4.500 -12.800,
						-11.900 4.500 -6.600,
						-11.886 4.604 -12.800,
						-11.886 4.604 -6.600,
						-11.846 4.700 -6.600,
						-11.846 4.700 -12.800,
						-11.783 4.783 -6.600,
						-11.783 4.783 -12.800,
						-11.700 4.846 -6.600,
						-11.700 4.846 -12.800,
						-11.604 4.886 -12.800,
						-11.604 4.886 -6.600,
						-11.500 4.900 -6.600,
						-11.500 4.900 -12.800
					]
				}
				coordIndex
				[
					0, 1, 2, -1,
					2, 1, 3, -1,
					2, 3, 4, -1,
					2, 4, 5, -1,
					5, 4, 6, -1,
					5, 6, 7, -1,
					7, 6, 8, -1,
					7, 8, 9, -1,
					9, 8, 10, -1,
					8, 11, 10, -1,
					10, 11, 12, -1,
					10, 12, 13, -1
				]
				normal Normal
				{
					vector
					[
						-1.000 0.000 0.000,
						-0.966 0.259 0.000,
						-0.866 0.500 0.000,
						-0.707 0.707 0.000,
						-0.500 0.866 0.000,
						-0.259 0.966 0.000,
						0.000 1.000 0.000
					]
				}
				normalIndex
				[
					0, 0, 1, -1,
					1, 0, 1, -1,
					1, 1, 2, -1,
					1, 2, 2, -1,
					2, 2, 3, -1,
					2, 3, 3, -1,
					3, 3, 4, -1,
					3, 4, 4, -1,
					4, 4, 5, -1,
					4, 5, 5, -1,
					5, 5, 6, -1,
					5, 6, 6, -1
				]
			}
		}
		Shape
		{
			appearance Appearance
			{
				material Material
				{
					diffuseColor 0.800 0.800 0.800
				}
			}
			geometry IndexedFaceSet
			{
				creaseAngle 0.5
				solid TRUE
				coord Coordinate
				{
					point
					[
						-11.900 0.000 -12.800,
						-11.900 0.000 -6.600,
						-11.900 4.500 -12.800,
						-11.900 4.500 -6.600
					]
				}
				coordIndex
				[
					0, 1, 2, -1,
					2, 1, 3, -1
				]
				normal Normal
				{
					vector
					[
						-1.000 0.000 0.000
					]
				}
				normalIndex
				[
					0, 0, 0, -1,
					0, 0, 0, -1
				]
			}
		}
		Shape
		{
			appearance Appearance
			{
				material Material
				{
					diffuseColor 0.800 0.800 0.800
				}
			}
			geometry IndexedFaceSet
			{
				creaseAngle 0.5
				solid TRUE
				coord Coordinate
				{
					point
					[
						-7.541 0.000 -10.011,
						-6.500 0.000 -12.800,
						-7.500 0.000 -9.700,
						-6.500 0.000 -2.000,
						-7.500 0.000 -2.000,
						-7.661 0.000 -10.300,
						-7.851 0.000 -10.549,
						-8.100 0.000 -10.739,
						-8.389 0.000 -10.859,
						-8.700 0.000 -10.900,
						-11.900 0.000 -12.800,
						-9.011 0.000 -10.859,
						-9.300 0.000 -10.739,
						-9.549 0.000 -10.549,
						-9.739 0.000 -10.300,
						-9.859 0.000 -10.011,
						-9.900 0.000 -9.700,
						-11.900 0.000 -6.600,
						-9.900 0.000 -6.600
					]
				}
				coordIndex
				[
					0, 1, 2, -1,
					2, 1, 3, -1,
					2, 3, 4, -1,
					0, 5, 1, -1,
					1, 5, 6, -1,
					1, 6, 7, -1,
					7, 8, 1, -1,
					1, 8, 9, -1,
					1, 9, 10, -1,
					10, 9, 11, -1,
					10, 11, 12, -1,
					12, 13, 10, -1,
					10, 13, 14, -1,
					10, 14, 15, -1,
					15, 16, 10, -1,
					10, 16, 17, -1,
					16, 18, 17, -1
				]
				normal Normal
				{
					vector
					[
						0.000 -1.000 0.000
					]
				}
				normalIndex
				[
					0, 0, 0, -1,
					0, 0, 0, -1,
					0, 0, 0, -1,
					0, 0, 0, -1,
					0, 0, 0, -1,
					0, 0, 0, -1,
					0, 0, 0, -1,
					0, 0, 0, -1,
					0, 0, 0, -1,
					0, 0, 0, -1,
					0, 0, 0, -1,
					0, 0, 0, -1,
					0, 0, 0, -1,
					0, 0, 0, -1,
					0, 0, 0, -1,
					0, 0, 0, -1,
					0, 0, 0, -1
				]
			}
		}
		Shape
		{
			appearance Appearance
			{
				material Material
				{
					diffuseColor 0.800 0.800 0.800
				}
			}
			geometry IndexedFaceSet
			{
				creaseAngle 0.5
				solid TRUE
				coord Coordinate
				{
					point
					[
						-6.500 0.000 -12.800,
						-6.500 0.400 -12.800,
						-6.500 0.000 -2.000,
						-6.500 0.400 -2.000
					]
				}
				coordIndex
				[
					0, 1, 2, -1,
					2, 1, 3, -1
				]
				normal Normal
				{
					vector
					[
						1.000 0.000 0.000
					]
				}
				normalIndex
				[
					0, 0, 0, -1,
					0, 0, 0, -1
				]
			}
		}
		Shape
		{
			appearance Appearance
			{
				material Material
				{
					diffuseColor 0.800 0.800 0.800
				}
			}
			geometry IndexedFaceSet
			{
				creaseAngle 0.5
				solid TRUE
				coord Coordinate
				{
					point
					[
						-9.900 0.000 -6.600,
						-9.900 0.000 -9.700,
						-9.900 2.000 -6.600,
						-9.900 2.000 -9.700
					]
				}
				coordIndex
				[
					0, 1, 2, -1,
					2, 1, 3, -1
				]
				normal Normal
				{
					vector
					[
						1.000 -0.000 -0.000
					]
				}
				normalIndex
				[
					0, 0, 0, -1,
					0, 0, 0, -1
				]
			}
		}
		Shape
		{
			appearance Appearance
			{
				material Material
				{
					diffuseColor 0.800 0.800 0.800
				}
			}
			geometry IndexedFaceSet
			{
				creaseAngle 0.5
				solid TRUE
				coord Coordinate
				{
					point
					[
						-9.900 0.000 -9.700,
						-9.859 0.000 -10.011,
						-9.900 2.000 -9.700,
						-9.859 4.900 -10.011,
						-9.900 3.400 -9.700,
						-9.900 4.900 -9.700,
						-9.739 4.900 -10.300,
						-9.739 0.000 -10.300,
						-9.549 0.000 -10.549,
						-9.549 4.900 -10.549,
						-9.300 0.000 -10.739,
						-9.300 4.900 -10.739,
						-9.011 0.000 -10.859,
						-9.011 4.900 -10.859,
						-8.700 4.900 -10.900,
						-8.700 0.000 -10.900,
						-8.389 0.000 -10.859,
						-8.389 4.900 -10.859,
						-8.100 0.000 -10.739,
						-8.100 4.900 -10.739,
						-7.851 4.900 -10.549,
						-7.851 0.000 -10.549,
						-7.661 0.000 -10.300,
						-7.661 4.900 -10.300,
						-7.541 0.000 -10.011,
						-7.541 4.900 -10.011,
						-7.500 2.000 -9.700,
						-7.500 3.400 -9.700,
						-7.500 0.000 -9.700,
						-7.500 4.900 -9.700
					]
				}
				coordIndex
				[
					0, 1, 2, -1,
					2, 1, 3, -1,
					2, 3, 4, -1,
					4, 3, 5, -1,
					3, 1, 6, -1,
					6, 1, 7, -1,
					6, 7, 8, -1,
					6, 8, 9, -1,
					9, 8, 10, -1,
					9, 10, 11, -1,
					11, 10, 12, -1,
					11, 12, 13, -1,
					13, 12, 14, -1,
					12, 15, 14, -1,
					14, 15, 16, -1,
					14, 16, 17, -1,
					17, 16, 18, -1,
					17, 18, 19, -1,
					19, 18, 20, -1,
					18, 21, 20, -1,
					20, 21, 22, -1,
					20, 22, 23, -1,
					23, 22, 24, -1,
					23, 24, 25, -1,
					25, 24, 26, -1,
					25, 26, 27, -1,
					24, 28, 26, -1,
					27, 29, 25, -1
				]
				normal Normal
				{
					vector
					[
						1.000 -0.000 -0.000,
						0.966 -0.000 0.259,
						0.866 -0.000 0.500,
						0.707 -0.000 0.707,
						0.500 -0.000 0.866,
						0.259 -0.000 0.966,
						-0.000 -0.000 1.000,
						-0.259 -0.000 0.966,
						-0.500 -0.000 0.866,
						-0.707 -0.000 0.707,
						-0.866 -0.000 0.500,
						-0.966 0.000 0.259,
						-0.966 -0.000 0.259,
						-1.000 -0.000 -0.000
					]
				}
				normalIndex
				[
					0, 1, 0, -1,
					0, 1, 1, -1,
					0, 1, 0, -1,
					0, 1, 0, -1,
					1, 1, 2, -1,
					2, 1, 2, -1,
					2, 2, 3, -1,
					2, 3, 3, -1,
					3, 3, 4, -1,
					3, 4, 4, -1,
					4, 4, 5, -1,
					4, 5, 5, -1,
					5, 5, 6, -1,
					5, 6, 6, -1,
					6, 6, 7, -1,
					6, 7, 7, -1,
					7, 7, 8, -1,
					7, 8, 8, -1,
					8, 8, 9, -1,
					8, 9, 9, -1,
					9, 9, 10, -1,
					9, 10, 10, -1,
					10, 10, 11, -1,
					10, 11, 12, -1,
					12, 11, 13, -1,
					12, 13, 13, -1,
					11, 13, 13, -1,
					13, 13, 12, -1
				]
			}
		}
		Shape
		{
			appearance Appearance
			{
				material Material
				{
					diffuseColor 0.800 0.800 0.800
				}
			}
			geometry IndexedFaceSet
			{
				creaseAngle 0.5
				solid TRUE
				coord Coordinate
				{
					point
					[
						-9.900 3.400 -9.700,
						-9.859 3.400 -9.389,
						-9.900 2.000 -9.700,
						-9.859 2.000 -9.389,
						-9.739 2.000 -9.100,
						-9.739 3.400 -9.100,
						-9.549 3.400 -8.851,
						-9.549 2.000 -8.851,
						-9.300 3.400 -8.661,
						-9.300 2.000 -8.661,
						-9.011 3.400 -8.541,
						-9.011 2.000 -8.541,
						-8.700 2.000 -8.500,
						-8.700 3.400 -8.500,
						-8.389 3.400 -8.541,
						-8.389 2.000 -8.541,
						-8.100 3.400 -8.661,
						-8.100 2.000 -8.661,
						-7.851 2.000 -8.851,
						-7.851 3.400 -8.851,
						-7.661 3.400 -9.100,
						-7.661 2.000 -9.100,
						-7.541 3.400 -9.389,
						-7.541 2.000 -9.389,
						-7.500 2.000 -9.700,
						-7.500 3.400 -9.700
					]
				}
				coordIndex
				[
					0, 1, 2, -1,
					2, 1, 3, -1,
					3, 1, 4, -1,
					4, 1, 5, -1,
					4, 5, 6, -1,
					4, 6, 7, -1,
					7, 6, 8, -1,
					7, 8, 9, -1,
					9, 8, 10, -1,
					9, 10, 11, -1,
					11, 10, 12, -1,
					10, 13, 12, -1,
					12, 13, 14, -1,
					12, 14, 15, -1,
					15, 14, 16, -1,
					15, 16, 17, -1,
					17, 16, 18, -1,
					16, 19, 18, -1,
					18, 19, 20, -1,
					18, 20, 21, -1,
					21, 20, 22, -1,
					21, 22, 23, -1,
					23, 22, 24, -1,
					22, 25, 24, -1
				]
				normal Normal
				{
					vector
					[
						1.000 -0.000 -0.000,
						0.966 -0.000 -0.259,
						0.866 -0.000 -0.500,
						0.707 -0.000 -0.707,
						0.500 -0.000 -0.866,
						0.259 -0.000 -0.966,
						-0.000 -0.000 -1.000,
						-0.259 -0.000 -0.966,
						-0.500 -0.000 -0.866,
						-0.707 -0.000 -0.707,
						-0.866 -0.000 -0.500,
						-0.966 -0.000 -0.259,
						-1.000 -0.000 -0.000
					]
				}
				normalIndex
				[
					0, 1, 0, -1,
					0, 1, 1, -1,
					1, 1, 2, -1,
					2, 1, 2, -1,
					2, 2, 3, -1,
					2, 3, 3, -1,
					3, 3, 4, -1,
					3, 4, 4, -1,
					4, 4, 5, -1,
					4, 5, 5, -1,
					5, 5, 6, -1,
					5, 6, 6, -1,
					6, 6, 7, -1,
					6, 7, 7, -1,
					7, 7, 8, -1,
					7, 8, 8, -1,
					8, 8, 9, -1,
					8, 9, 9, -1,
					9, 9, 10, -1,
					9, 10, 10, -1,
					10, 10, 11, -1,
					10, 11, 11, -1,
					11, 11, 12, -1,
					11, 12, 12, -1
				]
			}
		}
		Shape
		{
			appearance Appearance
			{
				material Material
				{
					diffuseColor 0.800 0.800 0.800
				}
			}
			geometry IndexedFaceSet
			{
				creaseAngle 0.5
				solid TRUE
				coord Coordinate
				{
					point
					[
						-9.900 3.400 -6.600,
						-9.900 3.400 -9.700,
						-9.900 4.900 -6.600,
						-9.900 4.900 -9.700
					]
				}
				coordIndex
				[
					0, 1, 2, -1,
					2, 1, 3, -1
				]
				normal Normal
				{
					vector
					[
						1.000 -0.000 -0.000
					]
				}
				normalIndex
				[
					0, 0, 0, -1,
					0, 0, 0, -1
				]
			}
		}
		Shape
		{
			appearance Appearance
			{
				material Material
				{
					diffuseColor 0.800 0.800 0.800
				}
			}
			geometry IndexedFaceSet
			{
				creaseAngle 0.5
				solid TRUE
				coord Coordinate
				{
					point
					[
						-7.500 4.900 -9.700,
						-7.500 3.400 -9.700,
						-7.500 4.900 -6.600,
						-7.500 3.400 -6.600
					]
				}
				coordIndex
				[
					0, 1, 2, -1,
					2, 1, 3, -1
				]
				normal Normal
				{
					vector
					[
						-1.000 -0.000 -0.000
					]
				}
				normalIndex
				[
					0, 0, 0, -1,
					0, 0, 0, -1
				]
			}
		}
		Shape
		{
			appearance Appearance
			{
				material Material
				{
					diffuseColor 0.800 0.800 0.800
				}
			}
			geometry IndexedFaceSet
			{
				creaseAngle 0.5
				solid TRUE
				coord Coordinate
				{
					point
					[
						11.900 4.500 -6.600,
						11.900 0.000 -6.600,
						11.900 4.500 -12.800,
						11.900 0.000 -12.800
					]
				}
				coordIndex
				[
					0, 1, 2, -1,
					2, 1, 3, -1
				]
				normal Normal
				{
					vector
					[
						1.000 0.000 0.000
					]
				}
				normalIndex
				[
					0, 0, 0, -1,
					0, 0, 0, -1
				]
			}
		}
		Shape
		{
			appearance Appearance
			{
				material Material
				{
					diffuseColor 0.800 0.800 0.800
				}
			}
			geometry IndexedFaceSet
			{
				creaseAngle 0.5
				solid TRUE
				coord Coordinate
				{
					point
					[
						6.900 3.150 0.000,
						7.004 3.136 0.000,
						6.900 3.150 -6.600,
						7.004 3.136 -6.600,
						7.100 3.096 0.000,
						7.100 3.096 -6.600,
						7.183 3.033 -6.600,
						7.183 3.033 0.000,
						7.246 2.950 0.000,
						7.246 2.950 -6.600,
						7.286 2.854 0.000,
						7.286 2.854 -6.600,
						7.300 2.750 -6.600,
						7.300 2.750 0.000,
						7.286 2.646 -6.600,
						7.286 2.646 0.000,
						7.246 2.550 0.000,
						7.246 2.550 -6.600,
						7.183 2.467 0.000,
						7.183 2.467 -6.600,
						7.100 2.404 -6.600,
						7.100 2.404 0.000,
						7.004 2.364 0.000,
						7.004 2.364 -6.600,
						6.900 2.350 0.000,
						6.900 2.350 -6.600
					]
				}
				coordIndex
				[
					0, 1, 2, -1,
					2, 1, 3, -1,
					1, 4, 3, -1,
					3, 4, 5, -1,
					5, 4, 6, -1,
					6, 4, 7, -1,
					6, 7, 8, -1,
					6, 8, 9, -1,
					9, 8, 10, -1,
					9, 10, 11, -1,
					11, 10, 12, -1,
					10, 13, 12, -1,
					12, 13, 14, -1,
					13, 15, 14, -1,
					14, 15, 16, -1,
					14, 16, 17, -1,
					17, 16, 18, -1,
					17, 18, 19, -1,
					19, 18, 20, -1,
					18, 21, 20, -1,
					20, 21, 22, -1,
					20, 22, 23, -1,
					23, 22, 24, -1,
					23, 24, 25, -1
				]
				normal Normal
				{
					vector
					[
						0.000 1.000 0.000,
						0.259 0.966 0.000,
						0.500 0.866 0.000,
						0.707 0.707 0.000,
						0.866 0.500 0.000,
						0.966 0.259 0.000,
						1.000 0.000 0.000,
						0.966 -0.259 0.000,
						0.866 -0.500 0.000,
						0.707 -0.707 0.000,
						0.500 -0.866 0.000,
						0.259 -0.966 0.000,
						0.000 -1.000 0.000
					]
				}
				normalIndex
				[
					0, 1, 0, -1,
					0, 1, 1, -1,
					1, 2, 1, -1,
					1, 2, 2, -1,
					2, 2, 3, -1,
					3, 2, 3, -1,
					3, 3, 4, -1,
					3, 4, 4, -1,
					4, 4, 5, -1,
					4, 5, 5, -1,
					5, 5, 6, -1,
					5, 6, 6, -1,
					6, 6, 7, -1,
					6, 7, 7, -1,
					7, 7, 8, -1,
					7, 8, 8, -1,
					8, 8, 9, -1,
					8, 9, 9, -1,
					9, 9, 10, -1,
					9, 10, 10, -1,
					10, 10, 11, -1,
					10, 11, 11, -1,
					11, 11, 12, -1,
					11, 12, 12, -1
				]
			}
		}
	]
}
NavigationInfo
{
	headlight TRUE
	type "EXAMINE"
}
